Taxon,ScientificName,ScientificName_accepted
Annelida,Acromegalomma claparedei,Acromegalomma claparedei
Annelida,Alitta succinea,Alitta succinea
Annelida,Alitta virens,Alitta virens
Annelida,Alkmaria romijni,Alkmaria romijni
Annelida,Amphicorina pectinata,Amphicorina pectinata
Annelida,Ancistrosyllis rigida,Synelmis rigida
Annelida,Aphelochaeta marioni,Aphelochaeta marioni
Annelida,Arhynchite arhynchite,Arhynchite arhynchite
Annelida,Autolytus cornutus,Proceraea cornuta
Annelida,Bhawania goodei,Bhawania goodei
Annelida,Bispira polyomma,Bispira polyomma
Annelida,Boccardia polybranchia,Boccardia polybranchia
Annelida,Boccardia proboscidea,Boccardia proboscidea
Annelida,Boccardia semibranchiata,Boccardia semibranchiata
Annelida,Boccardiella hamata,Boccardiella hamata
Annelida,Boccardiella ligerica,Boccardiella ligerica
Annelida,Branchiomma bairdi,Branchiomma bairdi
Annelida,Branchiomma boholense,Branchiomma boholense
Annelida,Branchiomma cingulatum,Branchiomma cingulatum
Annelida,Branchiomma luctuosum,Branchiomma luctuosum
Annelida,Branchiosyllis exilis,Branchiosyllis exilis
Annelida,Capitellethus dispar,Capitellethus dispar
Annelida,Ceratonereis mirabilis,Ceratonereis mirabilis
Annelida,Chaetozone corona,Chaetozone corona
Annelida,Chrysopetalum debile,Chrysopetalum debile
Annelida,Cirriformia semicincta,Cirriformia semicincta
Annelida,Clymenella torquata,Clymenella torquata
Annelida,Cossura coasta,Cossura coasta
Annelida,Crucigera websteri,Crucigera websteri
Annelida,Dasybranchus carneus,Dasybranchus carneus
Annelida,Dasychone cingulata,Branchiomma cingulatum
Annelida,Desdemona ornata,Desdemona ornata
Annelida,Diopatra hupferiana,Diopatra hupferiana
Annelida,Diopatra hupferiana hupferiana,Diopatra hupferiana hupferiana
Annelida,Diopatra hupferiana monroi,Diopatra hupferiana monroi
Annelida,Dipolydora armata,Dipolydora armata
Annelida,Dipolydora blakei,Dipolydora blakei
Annelida,Dipolydora flava,Dipolydora flava
Annelida,Dipolydora giardi,Dipolydora giardi
Annelida,Dipolydora quadrilobata,Dipolydora quadrilobata
Annelida,Dipolydora socialis,Dipolydora socialis
Annelida,Dispio magna,Dispio magna
Annelida,Dispio uncinata,Dispio uncinata
Annelida,Dodecaceria capensis,Dodecaceria capensis
Annelida,Dodecaceria fewkesi,Dodecaceria fewkesi
Annelida,Dorvillea similis,Dorvillea similis
Annelida,Enchytraeus albidus,Enchytraeus albidus
Annelida,Epidiopatra hupferiana,Diopatra hupferiana
Annelida,Epidiopatra hupferiana hupferiana,Diopatra hupferiana hupferiana
Annelida,Epidiopatra hupferiana monroi,Diopatra hupferiana monroi
Annelida,Erinaceusyllis serratosetosa,Erinaceusyllis serratosetosa
Annelida,Euchone limnicola,Euchone limnicola
Annelida,Eunice antennata,Leodice antennata
Annelida,Eunice cariboea,Nicidion cariboea
Annelida,Eunice floridana,Eunice floridana
Annelida,Eunice indica,Eunice indica
Annelida,Eunice tubifex,Eunice tubifex
Annelida,Euniphysa tubifex,Eunice tubifex
Annelida,Eurythoe complanata,Eurythoe complanata
Annelida,Eusyllis kupfferi,Eusyllis kupfferi
Annelida,Exogone (Exogone) breviantennata,Exogone (Exogone) breviantennata
Annelida,Exogone africana,Exogone africana
Annelida,Fabricia filamentosa,Pseudofabriciola filamentosa
Annelida,Fabriciola ghardaqa,Fabriciola ghardaqa
Annelida,Ficopomatus enigmaticus,Ficopomatus enigmaticus
Annelida,Ficopomatus uschakovi,Ficopomatus uschakovi
Annelida,Glycera alba,Glycera alba
Annelida,Glycera alba adspersa,Glycera alba adspersa
Annelida,Glycera capitata,Glycera capitata
Annelida,Glycinde bonhourei,Glycinde bonhourei
Annelida,Goniadella gracilis,Goniadella gracilis
Annelida,Harmothoe boholensis,Paralepidonotus indicus
Annelida,Harmothoe minuta,Harmothoe minuta
Annelida,Hesionides arenaria,Hesionides arenaria
Annelida,Hesionura serrata,Hesionura serrata
Annelida,Heteromastus filiformis,Heteromastus filiformis
Annelida,Hyboscolex longiseta,Hyboscolex longiseta
Annelida,Hydroides albiceps,Hydroides albiceps
Annelida,Hydroides brachyacantha,Hydroides brachyacantha
Annelida,Hydroides brachyacanthus,Hydroides brachyacantha
Annelida,Hydroides dianthus,Hydroides dianthus
Annelida,Hydroides dirampha,Hydroides dirampha
Annelida,Hydroides elegans,Hydroides elegans
Annelida,Hydroides ezoensis,Hydroides ezoensis
Annelida,Hydroides heterocera,Hydroides heterocera
Annelida,Hydroides heterocerus,Hydroides heterocera
Annelida,Hydroides homoceros,Hydroides homoceros
Annelida,Hydroides homocerus,Hydroides homoceros
Annelida,Hydroides minax,Hydroides minax
Annelida,Hydroides novaepommeraniae,Hydroides novaepommeraniae
Annelida,Hydroides operculata,Hydroides operculata
Annelida,Hydroides sanctaecrucis,Hydroides sanctaecrucis
Annelida,Hydroides steinitzi,Hydroides steinitzi
Annelida,Hypania invalida,Hypania invalida
Annelida,Isolda pulchella,Isolda pulchella
Annelida,Janua brasiliensis,Neodexiospira brasiliensis
Annelida,Janua heterostropha,Janua heterostropha
Annelida,Janua pagenstecheri,Janua heterostropha
Annelida,Kirkegaardia dorsobranchialis,Kirkegaardia dorsobranchialis
Annelida,Laonice norgensis,Laonice norgensis
Annelida,Laonome calida,Laonome calida
Annelida,Laonome triangularis,Laonome triangularis
Annelida,Laubieriellus salzi,Laubieriellus salzi
Annelida,Leiochrides australis,Leiochrides australis
Annelida,Leitoscoloplos kerguelensis,Leitoscoloplos kerguelensis
Annelida,Leocrates chinensis,Leocrates chinensis
Annelida,Leodice antennata,Leodice antennata
Annelida,Leodice miurai,Leodice miurai
Annelida,Leonnates decipiens,Leonnates decipiens
Annelida,Leonnates indicus,Leonnates indicus
Annelida,Leonnates jousseaumei,Leonnates indicus
Annelida,Leonnates persicus,Leonnates persicus
Annelida,Lepidonotus carinulatus,Lepidonotus carinulatus
Annelida,Lepidonotus tenuisetosus,Lepidonotus tenuisetosus
Annelida,Linopherus acarunculatus,Linopherus acarunculatus
Annelida,Linopherus canariensis,Linopherus canariensis
Annelida,Loimia medusa,Loimia medusa
Annelida,Longibrachium atlanticum,Longibrachium atlanticum
Annelida,Lumbricillus lineatus,Lumbricillus lineatus
Annelida,Lumbricillus maritimus,Lumbricillus maritimus
Annelida,Lumbrinerides neogesae,Lumbrinerides neogesae
Annelida,Lumbrineris acutifrons,Lumbrineris acutifrons
Annelida,Lumbrineris debilis,Lumbrineris debilis
Annelida,Lumbrineris inflata,Lumbrineris inflata
Annelida,Lumbrineris perkinsi,Lumbrineris perkinsi
Annelida,Lysidice collaris,Lysidice collaris
Annelida,Lysidice natalensis,Lysidice natalensis
Annelida,Marenzelleria arctia,Marenzelleria arctia
Annelida,Marenzelleria neglecta,Marenzelleria neglecta
Annelida,Marenzelleria viridis,Marenzelleria viridis
Annelida,Marphysa disjuncta,Paucibranchia disjuncta
Annelida,Marphysa sanguinea,Marphysa sanguinea
Annelida,Marphysa victori,Marphysa victori
Annelida,Mediomastus capensis,Mediomastus capensis
Annelida,Megalomma claparedei,Acromegalomma claparedei
Annelida,Metasychis gotoi,Metasychis gotoi
Annelida,Microphthalmus similis,Microphthalmus similis
Annelida,Monticellina dorsobranchialis,Kirkegaardia dorsobranchialis
Annelida,Myxicola infundibulum,Myxicola infundibulum
Annelida,Naineris quadraticeps,Naineris quadraticeps
Annelida,Neanthes willeyi,Neanthes willeyi
Annelida,Neodexiospira brasiliensis,Neodexiospira brasiliensis
Annelida,Neodexiospira steueri,Neodexiospira steueri
Annelida,Neopseudocapitella brasiliensis,Neopseudocapitella brasiliensis
Annelida,Nephtys ciliata,Nephtys ciliata
Annelida,Nereis (Nereis) gilchristi,Nereis (Nereis) gilchristi
Annelida,Nereis gilchristi,Nereis (Nereis) gilchristi
Annelida,Nereis jacksoni,Nereis jacksoni
Annelida,Nereis persica,Nereis persica
Annelida,Nereis virens,Alitta virens
Annelida,Nereis zonata,Nereis zonata
Annelida,Nereis zonata persica,Nereis zonata persica
Annelida,Nicidion cariboea,Nicidion cariboea
Annelida,Notomastus aberans,Notomastus aberans
Annelida,Notomastus mossambicus,Notomastus mossambicus
Annelida,Notopygos crinita,Notopygos crinita
Annelida,Novafabricia infratorquata,Novafabricia infratorquata
Annelida,Ochetostoma erythrogrammon,Ochetostoma erythrogrammon
Annelida,Onuphis eremita,Onuphis eremita
Annelida,Onuphis eremita oculata,Onuphis eremita oculata
Annelida,Ophryotrocha diadema,Ophryotrocha diadema
Annelida,Ophryotrocha japonica,Ophryotrocha japonica
Annelida,Opisthosyllis brunnea,Opisthosyllis brunnea
Annelida,Oxydromus pallidus,Oxydromus pallidus
Annelida,Palola valida,Palola valida
Annelida,Paradyte crinoidicola,Paradyte crinoidicola
Annelida,Paraehlersia weissmannioides,Paraehlersia weissmannioides
Annelida,Paralaeospira malardi,Paralaeospira malardi
Annelida,Paraleiocapitella mossambica,Notomastus mossambicus
Annelida,Paralepidonotus indicus,Paralepidonotus indicus
Annelida,Paranais frici,Paranais frici
Annelida,Paraprionospio coora,Paraprionospio coora
Annelida,Parasabella fullo,Parasabella fullo
Annelida,Paucibranchia disjuncta,Paucibranchia disjuncta
Annelida,Perinereis nuntia,Perinereis nuntia
Annelida,Perkinsyllis augeneri,Perkinsyllis augeneri
Annelida,Phyllodoce longifrons,Phyllodoce longifrons
Annelida,Pileolaria berkeleyana,Pileolaria berkeleyana
Annelida,Pileolaria militaris,Pileolaria militaris
Annelida,Pileolaria rosepigmentata,Pileolaria berkeleyana
Annelida,Pisione guanche,Pisione guanche
Annelida,Pista unibranchia,Pista unibranchia
Annelida,Platynereis australis,Platynereis australis
Annelida,Podarkeopsis capensis,Podarkeopsis capensis
Annelida,Polycirrus twisti,Polycirrus twisti
Annelida,Polydora ciliata,Polydora ciliata
Annelida,Polydora colonia,Polydora colonia
Annelida,Polydora cornuta,Polydora cornuta
Annelida,Polydora hoplura,Polydora hoplura
Annelida,Polydora ligni,Polydora cornuta
Annelida,Polydora limicola,Polydora limicola
Annelida,Polydora redeki,Boccardiella ligerica
Annelida,Polydora spongicola,Polydora spongicola
Annelida,Polydora websteri,Polydora websteri
Annelida,Pomatoleios kraussii,Spirobranchus kraussii
Annelida,Prionospio (Prionospio) depauperata,Prionospio depauperata
Annelida,Prionospio aucklandica,Prionospio aucklandica
Annelida,Prionospio depauperata,Prionospio depauperata
Annelida,Prionospio krusadensis,Prionospio krusadensis
Annelida,Prionospio paucipinnulata,Prionospio paucipinnulata
Annelida,Prionospio pulchra,Prionospio pulchra
Annelida,Prionospio pygmaeus,Prionospio pygmaeus
Annelida,Prionospio saccifera,Prionospio saccifera
Annelida,Prionospio salzi,Laubieriellus salzi
Annelida,Prionospio sexoculata,Prionospio sexoculata
Annelida,Proceraea cornuta,Proceraea cornuta
Annelida,Proscoloplos cygnochaetus,Proscoloplos cygnochaetus
Annelida,Protodorvillea biarticulata,Protodorvillea biarticulata
Annelida,Protodorvillea egena,Protodorvillea egena
Annelida,Pseudofabriciola filamentosa,Pseudofabriciola filamentosa
Annelida,Pseudonereis anomala,Pseudonereis anomala
Annelida,Pseudopolydora kempi,Pseudopolydora kempi
Annelida,Pseudopolydora paucibranchiata,Pseudopolydora paucibranchiata
Annelida,Pseudopotamilla occelata,Pseudopotamilla occelata
Annelida,Questa caudicirra,Questa caudicirra
Annelida,Rhodine loveni,Rhodine loveni
Annelida,Sabella spallanzanii,Sabella spallanzanii
Annelida,Sabellastarte spectabilis,Sabellastarte spectabilis
Annelida,Salmacina dysteri,Salmacina dysteri
Annelida,Scolelepis korsuni,Scolelepis korsuni
Annelida,Scoletoma debilis,Scoletoma debilis
Annelida,Serpula hartmanae,Serpula hartmanae
Annelida,Sigambra constricta,Sigambra constricta
Annelida,Sigambra parva,Sigambra parva
Annelida,Sigambra tentaculata,Sigambra tentaculata
Annelida,Spiophanes algidus,Spiophanes algidus
Annelida,Spirobranchus giganteus,Spirobranchus giganteus
Annelida,Spirobranchus kraussii,Spirobranchus kraussii
Annelida,Spirobranchus tetraceros,Spirobranchus tetraceros
Annelida,Spirobranchus triqueter,Spirobranchus triqueter
Annelida,Spirorbis (Spirorbis) marioni,Spirorbis (Spirorbis) marioni
Annelida,Spirorbis marioni,Spirorbis (Spirorbis) marioni
Annelida,Streblosoma comatus,Thelepus comatus
Annelida,Streblosoma hesslei,Streblosoma hesslei
Annelida,Streblospio benedicti,Streblospio benedicti
Annelida,Streblospio gynobranchiata,Streblospio gynobranchiata
Annelida,Streptosyllis varians,Streptosyllis varians
Annelida,Stylarioides grubei,Stylarioides grubei
Annelida,Syllis alosae,Syllis alosae
Annelida,Syllis bella,Syllis bella
Annelida,Syllis hyllebergi,Syllis hyllebergi
Annelida,Syllis pectinans,Syllis pectinans
Annelida,Syllis schulzi,Syllis schulzi
Annelida,Synelmis rigida,Synelmis rigida
Annelida,Terebella ehrenbergi,Terebella ehrenbergi
Annelida,Terebella lapidaria,Terebella lapidaria
Annelida,Tharyx dorsobranchialis,Monticellina dorsobranchialis
Annelida,Tharyx killariensis,Tharyx killariensis
Annelida,Thelepus comatus,Thelepus comatus
Annelida,Timarete anchylochaeta,Timarete anchylochaeta
Annelida,Timarete caribous,Timarete caribous
Annelida,Timarete dasylophius,Timarete dasylophius
Annelida,Timarete punctata,Timarete punctata
Annelida,Tubificoides heterochaetus,Tubificoides heterochaetus
Annelida,Tubificoides pseudogaster,Tubificoides pseudogaster
Arthropoda,Acantharctus posteli,Acantharctus posteli
Arthropoda,Acartia (Acanthacartia) tonsa,Acartia (Acanthacartia) tonsa
Arthropoda,Acartia (Acartiura) omorii,Acartia (Acartiura) omorii
Arthropoda,Acartia (Odontacartia) centrura,Acartia (Odontacartia) centrura
Arthropoda,Acartia centrura,Acartia (Odontacartia) centrura
Arthropoda,Acartia grani,Paracartia grani
Arthropoda,Acartia hasanii,Acartia hasanii
Arthropoda,Acartia ioannae,Acartia ioannae
Arthropoda,Acartia jannetei,Acartia jannetei
Arthropoda,Acartia tonsa,Acartia (Acanthacartia) tonsa
Arthropoda,Achelia echinata,Achelia echinata
Arthropoda,Actaea savignii,Actaea savignii
Arthropoda,Actumnus globulus,Actumnus globulus
Arthropoda,Afruca tangeri,Afruca tangeri
Arthropoda,Alpheus audouini,Alpheus edwardsii
Arthropoda,Alpheus edwardsii,Alpheus edwardsii
Arthropoda,Alpheus inopinatus,Alpheus inopinatus
Arthropoda,Alpheus lobidens,Alpheus lobidens
Arthropoda,Alpheus macrocheles,Alpheus macrocheles
Arthropoda,Alpheus migrans,Alpheus migrans
Arthropoda,Alpheus platydactylus,Alpheus platydactylus
Arthropoda,Alpheus rapacida,Alpheus rapacida
Arthropoda,Ameira divagans,Ameira divagans divagans
Arthropoda,Ameira divagans divagans,Ameira divagans divagans
Arthropoda,Ammothea hilgendorfi,Ammothea hilgendorfi
Arthropoda,Ammothella appendiculata,Ammothella appendiculata
Arthropoda,Ammothella longioculata,Ammothella longioculata
Arthropoda,Ampelisca cavicoxa,Ampelisca cavicoxa
Arthropoda,Ampelisca heterodactyla,Ampelisca heterodactyla
Arthropoda,Amphiascus tenuiremis,Sarsamphiascus tenuiremis
Arthropoda,Amphibalanus amphitrite,Amphibalanus amphitrite
Arthropoda,Amphibalanus amphitrite amphitrite,Amphibalanus amphitrite amphitrite
Arthropoda,Amphibalanus eburneus,Amphibalanus eburneus
Arthropoda,Amphibalanus improvisus,Amphibalanus improvisus
Arthropoda,Amphibalanus reticulatus,Amphibalanus reticulatus
Arthropoda,Amphibalanus variegatus,Amphibalanus variegatus
Arthropoda,Amphibalanus venustus,Amphibalanus venustus
Arthropoda,Ampithoe longimana,Ampithoe longimana
Arthropoda,Ampithoe valida,Ampithoe valida
Arthropoda,Anilocra pilchardi,Anilocra pilchardi
Arthropoda,Anoplodactylus californicus,Anoplodactylus californicus
Arthropoda,Anoplodactylus digitatus,Anoplodactylus digitatus
Arthropoda,Anoplodactylus portus,Anoplodactylus californicus
Arthropoda,Anoplodactylus saxatilis,Anoplodactylus digitatus
Arthropoda,Aoroides curvipes,Aoroides curvipes
Arthropoda,Aoroides longimerus,Aoroides longimerus
Arthropoda,Apocorophium acutum,Apocorophium acutum
Arthropoda,Arcania brevifrons,Arcania brevifrons
Arthropoda,Ashtoret lunaris,Ashtoret lunaris
Arthropoda,Atergatis roseus,Atergatis roseus
Arthropoda,Austrominius modestus,Austrominius modestus
Arthropoda,Balanus albicostatus,Fistulobalanus albicostatus
Arthropoda,Balanus amphitrite,Amphibalanus amphitrite
Arthropoda,Balanus amphitrite amphitrite,Amphibalanus amphitrite amphitrite
Arthropoda,Balanus eburneus,Amphibalanus eburneus
Arthropoda,Balanus glandula,Balanus glandula
Arthropoda,Balanus improvisus,Amphibalanus improvisus
Arthropoda,Balanus reticulatus,Amphibalanus reticulatus
Arthropoda,Balanus tintinnabulum,Megabalanus tintinnabulum
Arthropoda,Balanus trigonus,Balanus trigonus
Arthropoda,Belzebub hanseni,Belzebub hanseni
Arthropoda,Bemlos leptocheirus,Bemlos leptocheirus
Arthropoda,Brachynotus sexdentatus,Brachynotus sexdentatus
Arthropoda,Bythocaris cosmetops,Bythocaris cosmetops
Arthropoda,Calanopia elliptica,Calanopia elliptica
Arthropoda,Calanopia media,Calanopia media
Arthropoda,Calappa hepatica,Calappa hepatica
Arthropoda,Caligus fugu,Caligus lagocephali
Arthropoda,Caligus lagocephali,Caligus lagocephali
Arthropoda,Caligus pageti,Caligus pageti
Arthropoda,Callinectes bocourti,Callinectes bocourti
Arthropoda,Callinectes danae,Callinectes danae
Arthropoda,Callinectes sapidus,Callinectes sapidus
Arthropoda,Cancer irroratus,Cancer irroratus
Arthropoda,Cancer novaezealandiae,Metacarcinus novaezelandiae
Arthropoda,Canuella longipes,Scottolana longipes
Arthropoda,Canuellina insignis,Canuellina insignis
Arthropoda,Caprella drepanochir,Caprella drepanochir
Arthropoda,Caprella macho,Caprella mutica
Arthropoda,Caprella mutica,Caprella mutica
Arthropoda,Caprella scaura,Caprella scaura
Arthropoda,Caprella simia,Caprella simia
Arthropoda,Carcinus aestuarii,Carcinus aestuarii
Arthropoda,Carcinus maenas,Carcinus maenas
Arthropoda,Carupa tenuipes,Carupa tenuipes
Arthropoda,Cerapus tubularis,Cerapus tubularis
Arthropoda,Ceratothoa capri,Ceratothoa capri
Arthropoda,Cercopagis (Cercopagis) pengoi,Cercopagis (Cercopagis) pengoi
Arthropoda,Chaetogammarus ischnus,Echinogammarus ischnus
Arthropoda,Chaetogammarus warpachowskyi,Chaetogammarus warpachowskyi
Arthropoda,Charybdis (Charybdis) feriata,Charybdis (Charybdis) feriata
Arthropoda,Charybdis (Charybdis) hellerii,Charybdis (Charybdis) hellerii
Arthropoda,Charybdis (Charybdis) japonica,Charybdis (Charybdis) japonica
Arthropoda,Charybdis (Charybdis) lucifera,Charybdis (Charybdis) lucifera
Arthropoda,Charybdis (Charybdis) variegata,Charybdis (Charybdis) variegata
Arthropoda,Charybdis (Goniohellenus) longicollis,Charybdis (Goniohellenus) longicollis
Arthropoda,Charybdis (Gonioinfradens) paucidentatus,Gonioinfradens paucidentatus
Arthropoda,Chelicorophium curvispinum,Chelicorophium curvispinum
Arthropoda,Chelura terebrans,Chelura terebrans
Arthropoda,Chionoecetes opilio,Chionoecetes opilio
Arthropoda,Chondrochelia dubia,Chondrochelia dubia
Arthropoda,Chthamalus fragilis,Chthamalus fragilis
Arthropoda,Chthamalus proteus,Chthamalus proteus
Arthropoda,Cirolana harfordi,Cirolana harfordi
Arthropoda,Clavellisa ilishae,Clavellisa ilishae
Arthropoda,Clorida albolitura,Clorida albolitura
Arthropoda,Coleusia signata,Coleusia signata
Arthropoda,Cornigerius maeoticus,Cornigerius maeoticus
Arthropoda,Corophium acherusicum,Monocorophium acherusicum
Arthropoda,Corophium curvispinum,Chelicorophium curvispinum
Arthropoda,Corophium insidiosum,Monocorophium insidiosum
Arthropoda,Corophium sextonae,Monocorophium sextonae
Arthropoda,Corophium volutator,Corophium volutator
Arthropoda,Crassicorophium bonellii,Crassicorophium bonellii
Arthropoda,Cristapseudes omercooperi,Cristapseudes omercooperi
Arthropoda,Critomolgus actiniae,Critomolgus actiniae
Arthropoda,Cryptosoma cristatum,Cryptosoma cristatum
Arthropoda,Cuapetes calmani,Cuapetes calmani
Arthropoda,Cyclopinella multispinosa,Cyclopinella multispinosa
Arthropoda,Cymadusa filosa,Cymadusa filosa
Arthropoda,Cymothoa exigua,Cymothoa exigua
Arthropoda,Cymothoa indica,Cymothoa indica
Arthropoda,Daira perlata,Daira perlata
Arthropoda,Delavalia inopinata,Delavalia inopinata
Arthropoda,Delavalia minuta,Delavalia minuta
Arthropoda,Diamysis bahirensis,Diamysis bahirensis
Arthropoda,Dikerogammarus villosus,Dikerogammarus villosus
Arthropoda,Dorippe quadridens,Dorippe quadridens
Arthropoda,Dromia spinirostris,Sternodromia spinirostris
Arthropoda,Dynamene bidentata,Dynamene bidentata
Arthropoda,Dyspanopeus sayi,Dyspanopeus sayi
Arthropoda,Echinogammarus ischnus,Echinogammarus ischnus
Arthropoda,Echinogammarus trichiatus,Echinogammarus trichiatus
Arthropoda,Elamena mathoei,Elamena mathoei
Arthropoda,Elasmopus pectenicrus,Elasmopus pectenicrus
Arthropoda,Elminius modestus,Austrominius modestus
Arthropoda,Eocuma dimorphum,Eocuma dimorphum
Arthropoda,Eocuma rosae,Eocuma rosae
Arthropoda,Eocuma sarsii,Eocuma sarsii
Arthropoda,Ericthonius difformis,Ericthonius difformis
Arthropoda,Eriocheir japonica,Eriocheir japonica
Arthropoda,Eriocheir sinensis,Eriocheir sinensis
Arthropoda,Erugosquilla massavensis,Erugosquilla massavensis
Arthropoda,Eucalanus elongatus,Eucalanus elongatus elongatus
Arthropoda,Eucalanus elongatus elongatus,Eucalanus elongatus elongatus
Arthropoda,Eucrate crenata,Eucrate crenata
Arthropoda,Eurycarcinus integrifrons,Eurycarcinus integrifrons
Arthropoda,Eurylana arcuata,Eurylana arcuata
Arthropoda,Eurytemora americana,Eurytemora americana
Arthropoda,Eurytemora pacifica,Eurytemora pacifica
Arthropoda,Eusarsiella zostericola,Eusarsiella zostericola
Arthropoda,Euterpina acutifrons,Euterpina acutifrons
Arthropoda,Evadne anonyx,Evadne anonyx
Arthropoda,Farfantepenaeus aztecus,Penaeus aztecus
Arthropoda,Fenneropenaeus merguiensis,Penaeus merguiensis
Arthropoda,Fistulobalanus albicostatus,Fistulobalanus albicostatus
Arthropoda,Fucellia maritima,Fucellia maritima
Arthropoda,Gammarellus angulosus,Gammarellus angulosus
Arthropoda,Gammaropsis togoensis,Gammaropsis togoensis
Arthropoda,Gammarus daiberi,Gammarus daiberi
Arthropoda,Gammarus tigrinus,Gammarus tigrinus
Arthropoda,Glabropilumnus laevis,Glabropilumnus laevis
Arthropoda,Gmelinoides fasciatus,Gmelinoides fasciatus
Arthropoda,Gollumudes intermedius,Paradoxapseudes intermedius
Arthropoda,Goneplax rhomboides,Goneplax rhomboides
Arthropoda,Gonioinfradens paucidentatus,Gonioinfradens paucidentatus
Arthropoda,Gonodactylaceus falcatus,Gonodactylaceus falcatus
Arthropoda,Grandidierella japonica,Grandidierella japonica
Arthropoda,Grapsus granulosus,Grapsus granulosus
Arthropoda,Halimede tyche,Halimede tyche
Arthropoda,Hamimaera hamigera,Hamimaera hamigera
Arthropoda,Hemigrapsus penicillatus,Hemigrapsus penicillatus
Arthropoda,Hemigrapsus sanguineus,Hemigrapsus sanguineus
Arthropoda,Hemigrapsus takanoi,Hemigrapsus takanoi
Arthropoda,Hemimysis anomala,Hemimysis anomala
Arthropoda,Herbstia nitida,Herbstia nitida
Arthropoda,Herrmannella duggani,Herrmannella duggani
Arthropoda,Hesperibalanus fallax,Hesperibalanus fallax
Arthropoda,Heterolaophonte hamondi,Heterolaophonte hamondi
Arthropoda,Heterosaccus dollfusi,Heterosaccus dollfusi
Arthropoda,Hexapleomera robusta,Hexapleomera robusta
Arthropoda,Homarus americanus,Homarus americanus
Arthropoda,Hyastenus hilgendorfi,Hyastenus hilgendorfi
Arthropoda,Hypogastrura viatica,Hypogastrura viatica
Arthropoda,Iais californica,Iais californica
Arthropoda,Ianiropsis serricaudis,Ianiropsis serricaudis
Arthropoda,Idyella pallidula,Idyella pallidula
Arthropoda,Incisocalliope aestuarius,Incisocalliope aestuarius
Arthropoda,Ischyrocerus commensalis,Ischyrocerus commensalis
Arthropoda,Ixa monodi,Ixa monodi
Arthropoda,Jassa marmorata,Jassa marmorata
Arthropoda,Jassa morinoi,Jassa morinoi
Arthropoda,Jassa slatteryi,Jassa slatteryi
Arthropoda,Kalliapseudes (Kalliapseudes) omercooperi,Kalliapseudes omercooperi
Arthropoda,Kalliapseudes omercooperi,Cristapseudes omercooperi
Arthropoda,Kalliapseudes omer-cooperi,Kalliapseudes (Kalliapseudes) omercooperi
Arthropoda,Labidocera acutifrons,Labidocera acutifrons
Arthropoda,Labidocera agilis,Labidocera acutifrons
Arthropoda,Laticorophium baconi,Laticorophium baconi
Arthropoda,Latopilumnus malardi,Latopilumnus malardi
Arthropoda,Lepas (Anatifa) anatifera,Lepas (Anatifa) anatifera
Arthropoda,Lepas (Anatifa) anserifera,Lepas (Anatifa) anserifera
Arthropoda,Lepas anatifera,Lepas (Anatifa) anatifera
Arthropoda,Leptochela (Leptochela) aculeocaudata,Leptochela aculeocaudata
Arthropoda,Leptochela (Leptochela) pugnax,Leptochela pugnax
Arthropoda,Leptochela aculeocaudata,Leptochela aculeocaudata
Arthropoda,Leptochela pugnax,Leptochela pugnax
Arthropoda,Lernanthropus callionymicola,Lernanthropus callionymicola
Arthropoda,Leucosia signata,Coleusia signata
Arthropoda,Libinia dubia,Libinia dubia
Arthropoda,Lichomolgus actiniae,Critomolgus actiniae
Arthropoda,Limnoria quadripunctata,Limnoria quadripunctata
Arthropoda,Limnoria tripunctata,Limnoria tripunctata
Arthropoda,Limulus polyphemus,Limulus polyphemus
Arthropoda,Litopenaeus vannamei,Penaeus vannamei
Arthropoda,Loxothylacus panopaei,Loxothylacus panopaei
Arthropoda,Lucicutia clausi,Lucicutia clausi
Arthropoda,Lucifer hanseni,Belzebub hanseni
Arthropoda,Lucifer typus,Lucifer typus
Arthropoda,Lysmata kempi,Lysmata kempi
Arthropoda,Macrobrachium macrobrachion,Macrobrachium macrobrachion
Arthropoda,Macrobrachium rosenbergii,Macrobrachium rosenbergii
Arthropoda,Macromedaeus voeltzkowii,Macromedaeus voeltzkowii
Arthropoda,Macrophthalmus (Macrophthalmus) graeffei,Macrophthalmus (Macrophthalmus) graeffei
Arthropoda,Maera hamigera,Hamimaera hamigera
Arthropoda,Marsupenaeus japonicus,Penaeus japonicus
Arthropoda,Matuta victor,Matuta victor
Arthropoda,Megabalanus coccopoma,Megabalanus coccopoma
Arthropoda,Megabalanus rosa,Megabalanus rosa
Arthropoda,Megabalanus tintinnabulum,Megabalanus tintinnabulum
Arthropoda,Melicertus hathor,Penaeus hathor
Arthropoda,Melita nitida,Melita nitida
Arthropoda,Melita zeylanica,Melita zeylanica
Arthropoda,Menaethius monoceros,Menaethius monoceros
Arthropoda,Merhippolyte ancistrota,Merhippolyte ancistrota
Arthropoda,Metacalanus acutioperculum,Metacalanus acutioperculum
Arthropoda,Metacarcinus magister,Metacarcinus magister
Arthropoda,Metacarcinus novaezelandiae,Metacarcinus novaezelandiae
Arthropoda,Metapenaeopsis aegyptia,Metapenaeopsis aegyptia
Arthropoda,Metapenaeopsis mogiensis,Metapenaeopsis mogiensis
Arthropoda,Metapenaeopsis mogiensis consobrina,Metapenaeopsis mogiensis consobrina
Arthropoda,Metapenaeus affinis,Metapenaeus affinis
Arthropoda,Metapenaeus monoceros,Metapenaeus monoceros
Arthropoda,Metapenaeus stebbingi,Metapenaeus stebbingi
Arthropoda,Metopograpsus oceanicus,Metopograpsus oceanicus
Arthropoda,Micippa thalia,Micippa thalia
Arthropoda,Mitrapus oblongus,Mitrapus oblongus
Arthropoda,Monocorophium acherusicum,Monocorophium acherusicum
Arthropoda,Monocorophium insidiosum,Monocorophium insidiosum
Arthropoda,Monocorophium sextonae,Monocorophium sextonae
Arthropoda,Monocorophium uenoi,Monocorophium uenoi
Arthropoda,Muceddina multispinosa,Cyclopinella multispinosa
Arthropoda,Muramura intermedia,Muramurina intermedia
Arthropoda,Muramurina intermedia,Gollumudes intermedius
Arthropoda,Myicola ostreae,Myicola ostreae
Arthropoda,Myra subgranulata,Myra subgranulata
Arthropoda,Mytilicola intestinalis,Mytilicola intestinalis
Arthropoda,Mytilicola orientalis,Mytilicola orientalis
Arthropoda,Necora puber,Necora puber
Arthropoda,Neopanope sayi,Dyspanopeus sayi
Arthropoda,Nerocila orbignyi,Nerocila orbignyi
Arthropoda,Nothobomolochus fradei,Nothobomolochus fradei
Arthropoda,Notomegabalanus algicola,Notomegabalanus algicola
Arthropoda,Notopus dorsipes,Notopus dorsipes
Arthropoda,Nucellicola holmanae,Nucellicola holmanae
Arthropoda,Odontodactylus scyllarus,Odontodactylus scyllarus
Arthropoda,Ogyrides mjoebergi,Ogyrides mjoebergi
Arthropoda,Oithona brevicornis,Oithona brevicornis brevicornis
Arthropoda,Oithona brevicornis brevicornis,Oithona brevicornis brevicornis
Arthropoda,Oithona davisae,Oithona davisae
Arthropoda,Oithona hebes,Oithona hebes
Arthropoda,Oithona ovalis,Oithona hebes
Arthropoda,Oithona plumifera,Oithona plumifera
Arthropoda,Oratosquilla oratoria,Oratosquilla oratoria
Arthropoda,Orchestia cavimana,Cryptorchestia cavimana
Arthropoda,Orthione griffenis,Orthione griffenis
Arthropoda,Pachygrapsus fakaravensis,Pachygrapsus fakaravensis
Arthropoda,Pachygrapsus transversus,Pachygrapsus transversus
Arthropoda,Palaemon carinicauda,Palaemon carinicauda
Arthropoda,Palaemon elegans,Palaemon elegans
Arthropoda,Palaemon macrodactylus,Palaemon macrodactylus
Arthropoda,Palaemon pacificus,Palaemon pacificus
Arthropoda,Palaemonella rotumana,Palaemonella rotumana
Arthropoda,Pandalus latirostris,Pandalus latirostris
Arthropoda,Panulirus ornatus,Panulirus ornatus
Arthropoda,Panulirus regius,Panulirus regius
Arthropoda,Panulirus versicolor,Panulirus versicolor
Arthropoda,Paracaprella pusilla,Paracaprella pusilla
Arthropoda,Paracartia grani,Paracartia grani
Arthropoda,Paracartia grani grani,Paracartia grani grani
Arthropoda,Paracerceis sculpta,Paracerceis sculpta
Arthropoda,Paradella dianae,Paradella dianae
Arthropoda,Paradoxapseudes intermedius,Paradoxapseudes intermedius
Arthropoda,Paralithodes camtschaticus,Paralithodes camtschaticus
Arthropoda,Paramphiascella sibronica,Paramphiascella sirbonica
Arthropoda,Paramphiascella sirbonica,Paramphiascella sirbonica
Arthropoda,Paramphiascella vararensis,Paramphiascella vararensis
Arthropoda,Paramysis (Serrapalpisis) lacustris,Paramysis (Serrapalpisis) lacustris
Arthropoda,Paranthura japonica,Paranthura japonica
Arthropoda,Parvocalanus elegans,Parvocalanus elegans
Arthropoda,Parvocalanus latus,Parvocalanus latus
Arthropoda,Penaeopsis serrata,Penaeopsis serrata
Arthropoda,Penaeus aztecus,Penaeus aztecus
Arthropoda,Penaeus hathor,Penaeus hathor
Arthropoda,Penaeus japonicus,Penaeus japonicus
Arthropoda,Penaeus merguiensis,Penaeus merguiensis
Arthropoda,Penaeus monodon,Penaeus monodon
Arthropoda,Penaeus semisulcatus,Penaeus semisulcatus
Arthropoda,Penaeus vannamei,Penaeus vannamei
Arthropoda,Penilia avirostris,Penilia avirostris
Arthropoda,Percnon gibbesi,Percnon gibbesi
Arthropoda,Periclimenes calmani,Cuapetes calmani
Arthropoda,Petrolisthes armatus,Petrolisthes armatus
Arthropoda,Petrolisthes elongatus,Petrolisthes elongatus
Arthropoda,Photis lamellifera,Photis lamellifera
Arthropoda,Pigrogromitus timsanus,Pigrogromitus timsanus
Arthropoda,Pilumnoides inglei,Pilumnoides inglei
Arthropoda,Pilumnoides perlatus,Pilumnoides perlatus
Arthropoda,Pilumnopeus vauquelini,Pilumnopeus vauquelini
Arthropoda,Pilumnus hirsutus,Pilumnus minutus
Arthropoda,Pilumnus minutus,Pilumnus minutus
Arthropoda,Pilumnus perlatus,Pilumnoides perlatus
Arthropoda,Pilumnus spinifer,Pilumnus spinifer
Arthropoda,Pinnixa occidentalis,Rathbunixa occidentalis
Arthropoda,Plagusia depressa,Plagusia depressa
Arthropoda,Plagusia squamosa,Plagusia squamosa
Arthropoda,Plagusia tuberculata,Plagusia squamosa
Arthropoda,Platorchestia platensis,Platorchestia platensis
Arthropoda,Platychirograpsus spectabilis,Platychirograpsus spectabilis
Arthropoda,Podophthalmus nacreus,Vojmirophthalmus nacreus
Arthropoda,Porcellidium ovatum,Porcellidium tenuicauda
Arthropoda,Porcellidium tenuicauda,Porcelloides tenuicaudus
Arthropoda,Porcelloides tenuicaudus,Porcelloides tenuicaudus
Arthropoda,Portunus (Portunus) pelagicus,Portunus pelagicus
Arthropoda,Portunus (Portunus) sanguinolentus,Portunus sanguinolentus
Arthropoda,Portunus (Portunus) segnis,Portunus segnis
Arthropoda,Portunus pelagicus,Portunus pelagicus
Arthropoda,Portunus sanguinolentus,Portunus sanguinolentus
Arthropoda,Portunus segnis,Portunus segnis
Arthropoda,Proameira simplex,Proameira simplex
Arthropoda,Procambarus clarkii,Procambarus clarkii
Arthropoda,Processa macrodactyla,Processa macrodactyla
Arthropoda,Prokelisia marginata,Prokelisia marginata
Arthropoda,Pseudocalanus elongatus,Pseudocalanus elongatus
Arthropoda,Pseudocuma (Stenocuma) graciloides,Pseudocuma (Stenocuma) graciloides
Arthropoda,Pseudocyclops xiphophorus,Pseudocyclops xiphophorus
Arthropoda,Pseudodiaptomus inopinus,Pseudodiaptomus inopinus
Arthropoda,Pseudodiaptomus marinus,Pseudodiaptomus marinus
Arthropoda,Pseudodiaptomus salinus,Pseudodiaptomus salinus
Arthropoda,Pseudomyicola spinosus,Pseudomyicola spinosus spinosus
Arthropoda,Pseudomyicola spinosus spinosus,Pseudomyicola spinosus spinosus
Arthropoda,Pullosquilla litoralis,Pullosquilla litoralis
Arthropoda,Pyromaia tuberculata,Pyromaia tuberculata
Arthropoda,Rathbunixa occidentalis,Rathbunixa occidentalis
Arthropoda,Rhabdosoma whitei,Rhabdosoma whitei
Arthropoda,Rhithropanopeus harrisii,Rhithropanopeus harrisii
Arthropoda,Rimapenaeus similis,Rimapenaeus similis
Arthropoda,Robertgurneya rostrata,Robertgurneya rostrata
Arthropoda,Robertsonia salsa,Robertsonia salsa
Arthropoda,Saduria entomon,Saduria entomon
Arthropoda,Sarsamphiascus tenuiremis,Sarsamphiascus tenuiremis
Arthropoda,Scherocumella gurneyi,Scherocumella gurneyi
Arthropoda,Scottolana bulbosa,Scottolana bulbosa
Arthropoda,Scottolana longipes,Scottolana longipes
Arthropoda,Scylla serrata,Scylla serrata
Arthropoda,Scyllarus caparti,Scyllarus caparti
Arthropoda,Sinelobus stanfordi,Sinelobus stanfordi
Arthropoda,Sinocorophium alienense,Sinocorophium alienense
Arthropoda,Sirpus zariquieyi,Sirpus zariquieyi
Arthropoda,Solenocera crassicornis,Solenocera crassicornis
Arthropoda,Solidobalanus fallax,Hesperibalanus fallax
Arthropoda,Sphaeroma quoianum,Sphaeroma quoianum
Arthropoda,Sphaeroma serratum,Sphaeroma serratum
Arthropoda,Sphaeroma terebrans,Sphaeroma terebrans
Arthropoda,Sphaeroma walkeri,Sphaeroma walkeri
Arthropoda,Sphaerozius nitidus,Sphaerozius nitidus
Arthropoda,Spinocalanus terranovae,Spinocalanus terranovae
Arthropoda,Squilla massavensis,Erugosquilla massavensis
Arthropoda,Stenhelia inopinata,Delavalia inopinata
Arthropoda,Stenhelia minuta,Delavalia minuta
Arthropoda,Stenothoe eduardi,Stenothoe eduardi
Arthropoda,Stenothoe gallensis,Stenothoe eduardi
Arthropoda,Stenothoe gallensis,Stenothoe gallensis
Arthropoda,Stenothoe georgiana,Stenothoe georgiana
Arthropoda,Sternodromia spinirostris,Sternodromia spinirostris
Arthropoda,Subeucalanus crassus,Subeucalanus crassus
Arthropoda,Subeucalanus subcrassus,Subeucalanus subcrassus
Arthropoda,Synidotea laevidorsalis,Synidotea laevidorsalis
Arthropoda,Synidotea laticauda,Synidotea laticauda
Arthropoda,Taeniacanthus lagocephali,Taeniacanthus lagocephali
Arthropoda,Tanystylum orbiculare,Tanystylum orbiculare
Arthropoda,Telmatogeton japonicus,Telmatogeton japonicus
Arthropoda,Tetraclita rufotincta,Tetraclita rufotincta
Arthropoda,Tetraclita squamosa,Tetraclita squamosa
Arthropoda,Tetraclita squamosa rufotincta,Tetraclita rufotincta
Arthropoda,Thalamita gloriensis,Thalamita gloriensis
Arthropoda,Thalamita indistincta,Thalamita indistincta
Arthropoda,Thalamita poissonii,Thalamita poissonii
Arthropoda,Trachysalambria curvirostris,Trachysalambria curvirostris
Arthropoda,Trachysalambria palaestinensis,Trachysalambria palaestinensis
Arthropoda,Triconia hawii,Triconia hawii
Arthropoda,Triconia minuta,Triconia minuta
Arthropoda,Triconia rufa,Triconia rufa
Arthropoda,Triconia umerus,Triconia umerus
Arthropoda,Uca (Afruca) tangeri,Afruca tangeri
Arthropoda,Uca (Uca) tangeri,Afruca tangeri
Arthropoda,Upogebia affinis,Upogebia affinis
Arthropoda,Urocaridella antonbruunii,Urocaridella antonbruunii
Arthropoda,Urocaridella pulchella,Urocaridella pulchella
Arthropoda,Vojmirophthalmus nacreus,Vojmirophthalmus nacreus
Arthropoda,Xanthias lamarckii,Xanthias lamarckii
Arthropoda,Zeuxo (Parazeuxo) coralensis,Zeuxo coralensis
Arthropoda,Zeuxo (Parazeuxo) maldivensis,Zeuxo kurilensis
Arthropoda,Zeuxo coralensis,Zeuxo coralensis
Arthropoda,Zeuxo kurilensis,Zeuxo kurilensis
Arthropoda,Zeuxo maledivensis,Zeuxo (Parazeuxo) maldivensis
Bryozoa,Aeverrillia armata,Aeverrillia armata
Bryozoa,Aeverrillia setigera,Aeverrillia setigera
Bryozoa,Akatopora leucocypha,Akatopora leucocypha
Bryozoa,Amathia distans,Amathia distans
Bryozoa,Amathia gracilis,Amathia gracilis
Bryozoa,Amathia gracillima,Amathia gracillima
Bryozoa,Amathia verticillata,Amathia verticillata
Bryozoa,Amathia vidovici,Amathia vidovici
Bryozoa,Anguinella palmata,Anguinella palmata
Bryozoa,Arachnidium lacourti,Arachnidium lacourti
Bryozoa,Arachnoidea protecta,Arachnoidella protecta
Bryozoa,Arachnoidella protecta,Arachnoidella protecta
Bryozoa,Arbopercula bengalensis,Arbopercula bengalensis
Bryozoa,Arbopercula tenella,Arbopercula tenella
Bryozoa,Aspidelectra melolontha,Aspidelectra melolontha
Bryozoa,Bowerbankia gracilis,Amathia gracilis
Bryozoa,Bowerbankia gracillima,Amathia gracillima
Bryozoa,Bugula flabellata,Bugulina flabellata
Bryozoa,Bugula fulva,Bugulina fulva
Bryozoa,Bugula neritina,Bugula neritina
Bryozoa,Bugula plumosa,Crisularia plumosa
Bryozoa,Bugula serrata,Crisularia serrata
Bryozoa,Bugula simplex,Bugulina simplex
Bryozoa,Bugula stolonifera,Bugulina stolonifera
Bryozoa,Bugulina flabellata,Bugulina flabellata
Bryozoa,Bugulina fulva,Bugulina fulva
Bryozoa,Bugulina simplex,Bugulina simplex
Bryozoa,Bugulina stolonifera,Bugulina stolonifera
Bryozoa,Buskia setigera,Aeverrillia setigera
Bryozoa,Calyptotheca alexandriensis,Calyptotheca alexandriensis
Bryozoa,Catenicella paradoxa,Catenicella paradoxa
Bryozoa,Caulibugula zanzibarensis,Caulibugula zanzibariensis
Bryozoa,Caulibugula zanzibariensis,Caulibugula zanzibariensis
Bryozoa,Celleporaria aperta,Celleporaria aperta
Bryozoa,Celleporaria brunnea,Celleporaria brunnea
Bryozoa,Celleporaria fusca,Celleporaria fusca
Bryozoa,Celleporaria labelligera,Celleporaria labelligera
Bryozoa,Celleporaria pilaefera,Celleporaria pilaefera
Bryozoa,Celleporaria vermiformis,Celleporaria vermiformis
Bryozoa,Celleporella carolinensis,Celleporella carolinensis
Bryozoa,Celleporina bitari,Celleporina bitari
Bryozoa,Conopeum chesapeakensis,Conopeum chesapeakensis
Bryozoa,Conopeum seurati,Conopeum seurati
Bryozoa,Conopeum tenuissimum,Conopeum tenuissimum
Bryozoa,Cradoscrupocellaria bertholletii,Cradoscrupocellaria bertholletii
Bryozoa,Crepidacantha poissonii,Crepidacantha poissonii
Bryozoa,Crisularia plumosa,Crisularia plumosa
Bryozoa,Crisularia serrata,Crisularia serrata
Bryozoa,Cryptosula pallasiana,Cryptosula pallasiana
Bryozoa,Electra tenella,Arbopercula tenella
Bryozoa,Escharina vulgaris,Escharina vulgaris
Bryozoa,Fenestrulina delicia,Fenestrulina delicia
Bryozoa,Fenestrulina malusii,Fenestrulina malusii
Bryozoa,Haplopoma graniferum,Haplopoma graniferum
Bryozoa,Haplopoma impressum,Haplopoma impressum
Bryozoa,Hippaliosina acutirostris,Hippaliosina acutirostris
Bryozoa,Hippopodina feegeensis,Hippopodina feegeensis
Bryozoa,Hippopodina iririkiensis,Hippopodina iririkiensis
Bryozoa,Hippoporina indica,Hippoporina indica
Bryozoa,Licornia jolloisii,Licornia jolloisii
Bryozoa,Membranipora chesapeakensis,Conopeum chesapeakensis
Bryozoa,Membranipora membranacea,Membranipora membranacea
Bryozoa,Membraniporopsis tubigera,Membraniporopsis tubigera
Bryozoa,Microporella browni,Microporella browni
Bryozoa,Microporella coronata,Microporella coronata
Bryozoa,Microporella genisii,Microporella genisii
Bryozoa,Microporella harmeri,Microporella harmeri
Bryozoa,Oshurkovia littoralis,Oshurkovia littoralis
Bryozoa,Pacificincola perforata,Pacificincola perforata
Bryozoa,Parasmittina egyptiaca,Parasmittina egyptiaca
Bryozoa,Parasmittina protecta,Parasmittina protecta
Bryozoa,Parasmittina serruloides,Parasmittina serruloides
Bryozoa,Parasmittina spondylicola,Parasmittina spondylicola
Bryozoa,Phaeostachys spinifera,Phaeostachys spinifera
Bryozoa,Pherusella brevituba,Pherusella brevituba
Bryozoa,Reteporella jermanensis,Reteporella jermanensis
Bryozoa,Retiscrupocellaria jolloisi,Licornia jolloisii
Bryozoa,Rhynchozoon larreyi,Rhynchozoon larreyi
Bryozoa,Schizoporella errata,Schizoporella errata
Bryozoa,Schizoporella japonica,Schizoporella japonica
Bryozoa,Schizoporella unicornis,Schizoporella unicornis
Bryozoa,Schizoretepora hassi,Schizoretepora hassi
Bryozoa,Scorpiodinipora costulata,Scorpiodinipora costulata
Bryozoa,Scrupocellaria bertholettii,Scrupocellaria bertholletii
Bryozoa,Scrupocellaria bertholletii,Cradoscrupocellaria bertholletii
Bryozoa,Scrupocellaria jolloisii,Retiscrupocellaria jolloisi
Bryozoa,Sertella jermanensis,Reteporella jermanensis
Bryozoa,Sinoflustra annae,Sinoflustra annae
Bryozoa,Smittina malleolus,Smittina malleolus
Bryozoa,Smittina nitidissima,Smittina nitidissima
Bryozoa,Smittoidea prolifica,Smittoidea prolifica
Bryozoa,Sundanella sibogae,Sundanella sibogae
Bryozoa,Thalamoporella gothica,Thalamoporella gothica
Bryozoa,Torquatella longiuscula,Torquatella longiuscula
Bryozoa,Tricellaria inopinata,Tricellaria inopinata
Bryozoa,Tricellaria occidentalis,Tricellaria occidentalis
Bryozoa,Tricellaria ternata,Tricellaria ternata
Bryozoa,Umbonula littoralis,Oshurkovia littoralis
Bryozoa,Victorella pavida,Victorella pavida
Bryozoa,Watersipora arcuata,Watersipora arcuata
Bryozoa,Watersipora aterrima,Watersipora aterrima
Bryozoa,Watersipora subtorquata,Watersipora subtorquata
Bryozoa,Zoobotryon verticillatum,Amathia verticillata
Fish,Abudefduf saxatilis,Abudefduf saxatilis
Fish,Abudefduf sexfasciatus,Abudefduf sexfasciatus
Fish,Abudefduf vaigiensis,Abudefduf vaigiensis
Fish,Acanthogobius flavimanus,Acanthogobius flavimanus
Fish,Acanthopagrus bifasciatus,Acanthopagrus bifasciatus
Fish,Acanthurus chirurgus,Acanthurus chirurgus
Fish,Acanthurus coeruleus,Acanthurus coeruleus
Fish,Acanthurus sohal,Acanthurus sohal
Fish,Acentrogobius pflaumii,Acentrogobius pflaumii
Fish,Acipenser gueldenstaedtii,Acipenser gueldenstaedtii
Fish,Acipenser ruthenus,Acipenser ruthenus
Fish,Acropoma japonicum,Acropoma japonicum
Fish,Alepes djedaba,Alepes djedaba
Fish,Alosa sapidissima,Alosa sapidissima
Fish,Ameiurus nebulosus,Ameiurus nebulosus
Fish,Aphanius dispar,Aphanius dispar dispar
Fish,Aphanius dispar dispar,Aphanius dispar dispar
Tunicate,Aplidium antillense,Aplidium antillense
Tunicate,Aplidium glabrum,Aplidium glabrum
Fish,Apogon fasciatus,Ostorhinchus fasciatus
Fish,Apogon pharaonis,Apogonichthyoides pharaonis
Fish,Apogon queketti,Jaydia queketti
Fish,Apogon smithi,Jaydia smithi
Fish,Apogonichthyoides pharaonis,Apogonichthyoides pharaonis
Fish,Arius parkii,Carlarius parkii
Fish,Arnoglossus nigrofilamentosus,Arnoglossus nigrofilamentosus
Tunicate,Ascidia archaia,Ascidia archaia
Tunicate,Ascidia aspersa,Ascidiella aspersa
Tunicate,Ascidia cannelata,Ascidia cannelata
Tunicate,Ascidia ceratodes,Ascidia ceratodes
Tunicate,Ascidia gemmata,Ascidia gemmata
Tunicate,Ascidia incrassata,Ascidia incrassata
Tunicate,Ascidia liberata,Ascidia liberata
Tunicate,Ascidia sydneiensis,Ascidia sydneiensis
Tunicate,Ascidia zara,Ascidia zara
Tunicate,Ascidiella aspersa,Ascidiella aspersa
Tunicate,Asterocarpa humilis,Asterocarpa humilis
Fish,Atherina boyeri,Atherina boyeri
Fish,Atherina mochon,Atherina boyeri
Fish,Atherinomorus forskalii,Atherinomorus forskalii
Fish,Atherinomorus lacunosus,Atherinomorus lacunosus
Fish,Autisthes puta,Terapon puta
Fish,Babka gymnotrachelus,Babka gymnotrachelus
Fish,Balistoides conspicillum,Balistoides conspicillum
Fish,Bathygobius cyclopterus,Bathygobius cyclopterus
Fish,Belonesox belizanus,Belonesox belizanus
Fish,Benthophilus stellatus,Benthophilus stellatus
Tunicate,Bostrichobranchus pilularis,Bostrichobranchus pilularis
Tunicate,Botrylloides diegensis,Botrylloides diegensis
Tunicate,Botrylloides leachii,Botrylloides leachii
Tunicate,Botrylloides niger,Botrylloides niger
Tunicate,Botrylloides nigrum,Botrylloides niger
Tunicate,Botrylloides perspicuum,Botrylloides perspicuus
Tunicate,Botrylloides perspicuus,Botrylloides perspicuus
Tunicate,Botrylloides planus,Botryllus planus
Tunicate,Botrylloides violaceus,Botrylloides violaceus
Tunicate,Botryllus aurantius,Botrylloides violaceus
Tunicate,Botryllus planus,Botryllus planus
Tunicate,Botryllus schlosseri,Botryllus schlosseri
Tunicate,Botryllus violaceus,Botryllus schlosseri
Fish,Bregmaceros atlanticus,Bregmaceros atlanticus
Fish,Butis koilomatodon,Butis koilomatodon
Fish,Caesio varilineata,Caesio varilineata
Fish,Callionymus filamentosus,Callionymus filamentosus
Fish,Callionymus lyra,Callionymus lyra
Fish,Carcharhinus acarenatus,Carcharhinus brachyurus
Fish,Carcharhinus altimus,Carcharhinus altimus
Fish,Carcharhinus brachyurus,Carcharhinus brachyurus
Fish,Carcharhinus falciformis,Carcharhinus falciformis
Fish,Carlarius parkii,Carlarius parkii
Fish,Centrolabrus exoletus,Centrolabrus exoletus
Fish,Cephalopholis argus,Cephalopholis argus
Fish,Cephalopholis taeniops,Cephalopholis taeniops
Fish,Chaetodon austriacus,Chaetodon austriacus
Fish,Chaetodon larvatus,Chaetodon larvatus
Fish,Champsodon nudivittis,Champsodon nudivittis
Fish,Champsodon vorax,Champsodon vorax
Fish,Chanos chanos,Chanos chanos
Fish,Cheilodipterus novemstriatus,Cheilodipterus novemstriatus
Fish,Chelon labrosus,Chelon labrosus
Fish,Chilomycterus spilostylus,Cyclichthys spilostylus
Fish,Chiloscyllium punctatum,Chiloscyllium punctatum
Fish,Chirocentrus dorab,Chirocentrus dorab
Fish,Cichlasoma urophthalmus,Mayaheros urophthalmus
Tunicate,Ciona intestinalis,Ciona intestinalis
Tunicate,Ciona robusta,Ciona robusta
Tunicate,Ciona savignyi,Ciona savignyi
Tunicate,Clavelina cyclus,Clavelina cyclus
Tunicate,Clavelina lepadiformis,Clavelina lepadiformis
Tunicate,Clavelina oblonga,Clavelina oblonga
Fish,Clupeonella cultriventris,Clupeonella cultriventris
Tunicate,Cnemidocarpa humilis,Cnemidocarpa humilis
Fish,Coelorinchus occa,Coelorinchus occa
Fish,Coptodon zillii,Coptodon zillii
Fish,Coregonus lavaretus,Coregonus lavaretus
Fish,Coregonus maraena,Coregonus maraena
Tunicate,Corella eumyota,Corella eumyota
Tunicate,Corella inflata,Corella inflata
Fish,Coryogalops ochetica,Coryogalops ocheticus
Fish,Coryogalops ocheticus,Coryogalops ocheticus
Fish,Crenidens crenidens,Crenidens crenidens
Fish,Cromileptes altivelis,Cromileptes altivelis
Fish,Cyclichthys spilostylus,Cyclichthys spilostylus
Fish,Cyclopterus lumpus,Cyclopterus lumpus
Fish,Cynoglossus sinusarabici,Cynoglossus sinusarabici
Fish,Cyprinodon dispar,Aphanius dispar dispar
Fish,Cyprinus carpio,Cyprinus carpio
Tunicate,Cystodytes philippinensis,Cystodytes philippinensis
Fish,Dagetichthys lusitanicus,Dagetichthys lusitanicus
Fish,Dasyatis chrysonota,Dasyatis chrysonota
Fish,Dasyatis uarnak,Himantura uarnak
Fish,Decapterus russelli,Decapterus russelli
Fish,Dicentrarchus labrax,Dicentrarchus labrax
Tunicate,Didemnum candidum,Didemnum candidum
Tunicate,Didemnum perlucidum,Didemnum perlucidum
Tunicate,Didemnum psammatodes,Didemnum psammatodes
Tunicate,Didemnum vexillum,Didemnum vexillum
Fish,Diodon eydouxii,Diodon eydouxii
Tunicate,Diplosoma listerianum,Diplosoma listerianum
Tunicate,Distaplia bermudensis,Distaplia bermudensis
Tunicate,Distaplia corolla,Distaplia corolla
Fish,Dollfusichthys sinusarabici,Cynoglossus sinusarabici
Fish,Dussumieria elopsoides,Dussumieria elopsoides
Tunicate,Ecteinascidia imperfecta,Ecteinascidia imperfecta
Tunicate,Ecteinascidia moorei,Ecteinascidia turbinata
Tunicate,Ecteinascidia styeloides,Ecteinascidia styeloides
Tunicate,Ecteinascidia thurstoni,Ecteinascidia thurstoni
Tunicate,Ecteinascidia turbinata,Ecteinascidia turbinata
Fish,Elates ransonnettii,Elates ransonnettii
Fish,Enchelycore anatina,Enchelycore anatina
Fish,Entelurus aequoraeus,Entelurus aequoreus
Fish,Entelurus aequoreus,Entelurus aequoreus
Fish,Ephippion guttifer,Ephippion guttifer
Fish,Ephippion guttiferum,Ephippion guttifer
Fish,Epinephelus coioides,Epinephelus coioides
Fish,Epinephelus fasciatus,Epinephelus fasciatus
Fish,Epinephelus lanceolatus,Epinephelus lanceolatus
Fish,Epinephelus malabaricus,Epinephelus malabaricus
Fish,Epinephelus merra,Epinephelus merra
Fish,Equulites klunzingeri,Equulites klunzingeri
Tunicate,Eudistoma elongatum,Eudistoma elongatum
Tunicate,Eusynstyela hartmeyeri,Eusynstyela hartmeyeri
Fish,Euxiphipops navarchus,Pomacanthus navarchus
Fish,Euxiphipops xanthometopon,Pomacanthus xanthometopon
Fish,Favonigobius melanobranchus,Favonigobius melanobranchus
Fish,Fistularia commersonii,Fistularia commersonii
Fish,Fistularia petimba,Fistularia petimba
Fish,Forsterygion lapillum,Forsterygion lapillum
Fish,Forsterygion varium,Forsterygion varium
Fish,Fundulus heteroclitus,Fundulus heteroclitus heteroclitus
Fish,Fundulus heteroclitus heteroclitus,Fundulus heteroclitus heteroclitus
Fish,Galeocerdo cuvier,Galeocerdo cuvier
Fish,Galeus atlanticus,Galeus atlanticus
Fish,Gambusia holbrooki,Gambusia holbrooki
Fish,Geophagus brasiliensis,Geophagus brasiliensis
Fish,Gephyroberyx darwinii,Gephyroberyx darwinii
Fish,Glaucostegus halavi,Glaucostegus halavi
Fish,Gobiosoma bosc,Gobiosoma bosc
Fish,Gramma loreto,Gramma loreto
Fish,Guttigadus latifrons,Guttigadus latifrons
Fish,Hemichromis letourneuxi,Hemichromis letourneuxi
Fish,Hemiramphus far,Hemiramphus far
Fish,Heniochus acuminatus,Heniochus acuminatus
Fish,Heniochus intermedius,Heniochus intermedius
Tunicate,Herdmania momus,Herdmania momus
Tunicate,Herdmania pallida,Herdmania pallida
Fish,Herklotsichthys punctatus,Herklotsichthys punctatus
Fish,Himantura uarnak,Himantura uarnak
Fish,Hippocampus fuscus,Hippocampus fuscus
Fish,Holacanthus ciliaris,Holacanthus ciliaris
Fish,Holocentrum rubrum,Sargocentron rubrum
Fish,Huso huso,Huso huso
Fish,Hyporhamphus affinis,Hyporhamphus affinis
Fish,Iniistius pavo,Iniistius pavo
Fish,Iniistius twistii,Iniistius twistii
Fish,Istiompax indica,Istiompax indica
Fish,Jaydia queketti,Jaydia queketti
Fish,Jaydia smithi,Jaydia smithi
Fish,Lagocephalus lunaris,Lagocephalus lunaris
Fish,Lagocephalus sceleratus,Lagocephalus sceleratus
Fish,Lagocephalus spadiceus,Lagocephalus spadiceus
Fish,Lagocephalus suezensis,Lagocephalus suezensis
Fish,Lateolabrax japonicus,Lateolabrax japonicus
Fish,Leiognathus klunzingeri,Equulites klunzingeri
Fish,Lesueurigobius sanzi,Lesueurigobius sanzi
Fish,Leucaspius delineatus,Leucaspius delineatus
Fish,Lipophrys pholis,Lipophrys pholis
Tunicate,Lissoclinum fragile,Lissoclinum fragile
Tunicate,Lissoclinum perforatum,Lissoclinum perforatum
Fish,Liza carinata,Liza carinata
Fish,Liza haematocheila,Planiliza haematocheila
Fish,Lutjanus analis,Lutjanus analis
Fish,Lutjanus argentimaculatus,Lutjanus argentimaculatus
Fish,Lutjanus kasmira,Lutjanus kasmira
Fish,Mayaheros urophthalmus,Mayaheros urophthalmus
Tunicate,Metrocarpa nigrum,Botrylloides nigrum
Fish,Microchirus azevia,Microchirus azevia
Tunicate,Microcosmus exasperatus,Microcosmus exasperatus
Tunicate,Microcosmus squamiger,Microcosmus squamiger
Fish,Micropogonias undulatus,Micropogonias undulatus
Tunicate,Molgula citrina,Molgula citrina
Tunicate,Molgula ficus,Molgula ficus
Tunicate,Molgula manhattensis,Molgula manhattensis
Fish,Monotaxis grandoculis,Monotaxis grandoculis
Fish,Morone saxatilis,Morone saxatilis
Fish,Mugil labrosus,Chelon labrosus
Fish,Mugil soiuy,Planiliza haematocheila
Fish,Mugil so-iuy,Mugil soiuy
Fish,Muraenesox cinereus,Muraenesox cinereus
Fish,Mycteroperca fusca,Mycteroperca fusca
Fish,Nemichthys scolopaceus,Nemichthys scolopaceus
Fish,Nemipterus japonicus,Nemipterus japonicus
Fish,Nemipterus randalli,Nemipterus randalli
Fish,Neogobius fluviatilis,Neogobius fluviatilis
Fish,Neogobius gymnotrachelus,Babka gymnotrachelus
Fish,Neogobius melanostomus,Neogobius melanostomus
Fish,Netuma thalassina,Netuma thalassina
Fish,Omobranchus punctatus,Omobranchus punctatus
Fish,Oncorhynchus clarkii,Oncorhynchus clarkii clarkii
Fish,Oncorhynchus clarkii clarkii,Oncorhynchus clarkii clarkii
Fish,Oncorhynchus gorbuscha,Oncorhynchus gorbuscha
Fish,Oncorhynchus keta,Oncorhynchus keta
Fish,Oncorhynchus kisutch,Oncorhynchus kisutch
Fish,Oncorhynchus mykiss,Oncorhynchus mykiss
Fish,Oncorhynchus nerka,Oncorhynchus nerka
Fish,Oncorhynchus tshawytscha,Oncorhynchus tshawytscha
Fish,Oplegnathus fasciatus,Oplegnathus fasciatus
Fish,Oreochromis aureus,Oreochromis aureus
Fish,Oreochromis mossambicus,Oreochromis mossambicus
Fish,Oreochromis niloticus,Oreochromis niloticus
Fish,Oreochromis niloticus niloticus,Oreochromis niloticus
Fish,Osmerus mordax,Osmerus mordax mordax
Fish,Osmerus mordax mordax,Osmerus mordax mordax
Fish,Ostorhinchus fasciatus,Ostorhinchus fasciatus
Fish,Ostracion cubicus,Ostracion cubicus
Fish,Oxyurichthys papuensis,Oxyurichthys papuensis
Fish,Oxyurichthys petersi,Oxyurichthys papuensis
Fish,Pagrus major,Pagrus major
Fish,Pampus argenteus,Pampus argenteus
Fish,Papilloculiceps longiceps,Papilloculiceps longiceps
Fish,Papillogobius melanobranchus,Favonigobius melanobranchus
Fish,Paralichthys dentatus,Paralichthys dentatus
Fish,Paralichthys lethostigma,Paralichthys lethostigma
Fish,Paranthias furcifer,Paranthias furcifer
Fish,Parexocoetus mento,Parexocoetus mento
Fish,Parupeneus forsskali,Parupeneus forsskali
Fish,Pelates quadrilineatus,Pelates quadrilineatus
Fish,Pempheris molucca,Pempheris molucca
Fish,Perccottus glenii,Perccottus glenii
Fish,Peristedion cataphractum,Peristedion cataphractum
Tunicate,Perophora japonica,Perophora japonica
Tunicate,Perophora multiclathrata,Perophora multiclathrata
Tunicate,Perophora viridis,Perophora viridis
Fish,Petroscirtes ancylodon,Petroscirtes ancylodon
Fish,Petroscirtes breviceps,Petroscirtes breviceps
Tunicate,Phallusia nigra,Phallusia nigra
Fish,Pinguipes brasilianus,Pinguipes brasilianus
Fish,Pisodonophis semicinctus,Pisodonophis semicinctus
Fish,Planiliza haematocheila,Planiliza haematocheila
Fish,Platax orbicularis,Platax orbicularis
Fish,Platax teira,Platax teira
Fish,Platycephalus indicus,Platycephalus indicus
Fish,Plotosus lineatus,Plotosus lineatus
Fish,Poecilia latipinna,Poecilia latipinna
Fish,Poecilopsetta beanii,Poecilopsetta beanii
Tunicate,Polyandrocarpa anguinea,Polyandrocarpa anguinea
Tunicate,Polyandrocarpa sagamiensis,Polyandrocarpa sagamiensis
Tunicate,Polyandrocarpa zorritensis,Polyandrocarpa zorritensis
Tunicate,Polyclinum constellatum,Polyclinum constellatum
Fish,Pomacanthus annularis,Pomacanthus annularis
Fish,Pomacanthus asfur,Pomacanthus asfur
Fish,Pomacanthus imperator,Pomacanthus imperator
Fish,Pomacanthus maculosus,Pomacanthus maculosus
Fish,Pomacanthus navarchus,Pomacanthus navarchus
Fish,Pomacanthus semicirculatus,Pomacanthus semicirculatus
Fish,Pomacanthus xanthometopon,Pomacanthus xanthometopon
Fish,Pomadasys stridens,Pomadasys stridens
Fish,Pontinus kuhlii,Pontinus kuhlii
Fish,Priacanthus hamrur,Priacanthus hamrur
Fish,Priacanthus sagittarius,Priacanthus sagittarius
Fish,Pristis pectinata,Pristis pectinata
Fish,Proterorhinus marmoratus,Proterorhinus marmoratus
Fish,Pteragogus pelycus,Pteragogus pelycus
Fish,Pterois miles,Pterois miles
Fish,Pterois volitans,Pterois volitans
Tunicate,Pyura praeputialis,Pyura praeputialis
Tunicate,Pyura vittata,Pyura vittata
Fish,Rachycentron canadum,Rachycentron canadum
Fish,Rastrelliger kanagurta,Rastrelliger kanagurta
Fish,Rhabdosargus haffara,Rhabdosargus haffara
Fish,Rhinecanthus verrucosus,Rhinecanthus verrucosus
Fish,Rhinobatos halavi,Glaucostegus halavi
Fish,Rhizoprionodon acutus,Rhizoprionodon acutus
Tunicate,Rhodosoma turcicum,Rhodosoma turcicum
Fish,Rhonciscus stridens,Pomadasys stridens
Fish,Rhynchoconger trewavasae,Rhynchoconger trewavasae
Fish,Salmo alpinus,Salvelinus alpinus
Fish,Salmo salar,Salmo salar
Fish,Salmo trutta,Salmo trutta
Fish,Salmo trutta trutta,Salmo trutta trutta
Fish,Salvelinus alpinus,Salvelinus alpinus alpinus
Fish,Salvelinus alpinus alpinus,Salvelinus alpinus alpinus
Fish,Salvelinus fontinalis,Salvelinus fontinalis
Fish,Salvelinus leucomaenis,Salvelinus leucomaenis leucomaenis
Fish,Salvelinus leucomaenis leucomaenis,Salvelinus leucomaenis leucomaenis
Fish,Salvelinus leucomaenis pluvius,Salvelinus leucomaenis
Fish,Sander lucioperca,Sander lucioperca
Fish,Sargocentron rubrum,Sargocentron rubrum
Fish,Sarotherodon melanotheron,Sarotherodon melanotheron
Fish,Scarus ghobban,Scarus ghobban
Fish,Scatophagus argus,Scatophagus argus
Fish,Sciaenops ocellatus,Sciaenops ocellatus
Fish,Scomberomorus commerson,Scomberomorus commerson
Fish,Scophthalmus maximus,Scophthalmus maximus
Fish,Sebastapistes nuchalis,Sebastapistes nuchalis
Fish,Sebastes schlegelii,Sebastes schlegelii
Fish,Siganus javus,Siganus javus
Fish,Siganus luridus,Siganus luridus
Fish,Siganus rivulatus,Siganus rivulatus
Fish,Silhouetta aegyptia,Silhouettea aegyptia
Fish,Silhouettea aegyptia,Silhouettea aegyptia
Fish,Sillago sihama,Sillago sihama
Fish,Solea senegalensis,Solea senegalensis
Fish,Sorsogona prionota,Sorsogona prionota
Fish,Sphyraena chrysotaenia,Sphyraena chrysotaenia
Fish,Sphyraena flavicauda,Sphyraena flavicauda
Fish,Sphyraena pinguis,Sphyraena pinguis
Fish,Sphyrna mokarran,Sphyrna mokarran
Fish,Spratelloides delicatulus,Spratelloides delicatulus
Fish,Squalus megalops,Squalus megalops
Fish,Stephanolepis diaspros,Stephanolepis diaspros
Fish,Stolephorus insularis,Stolephorus insularis
Tunicate,Styela canopus,Styela canopus
Tunicate,Styela clava,Styela clava
Tunicate,Styela mammiculata,Styela clava
Tunicate,Styela plicata,Styela plicata
Tunicate,Symplegma brakenhielmi,Symplegma brakenhielmi
Tunicate,Symplegma reptans,Symplegma reptans
Tunicate,Symplegma rubra,Symplegma rubra
Tunicate,Symplegma viride,Symplegma viride
Fish,Synagrops japonicus,Acropoma japonicum
Fish,Synanceia verrucosa,Synanceia verrucosa
Fish,Synaptura lusitanica,Dagetichthys lusitanicus
Fish,Synaptura lusitanica lusitanica,Synaptura lusitanica
Fish,Syngnathus abaster,Syngnathus abaster
Fish,Syngnathus nigrolineatus,Syngnathus abaster
Fish,Terapon jarbua,Terapon jarbua
Fish,Terapon puta,Terapon puta
Fish,Terapon theraps,Terapon theraps
Fish,Tetrapturus georgii,Tetrapturus georgii
Fish,Tetrosomus gibbosus,Tetrosomus gibbosus
Fish,Tilapia zillii,Coptodon zillii
Fish,Torpedo fuscomaculata,Torpedo fuscomaculata
Fish,Torpedo sinuspersici,Torpedo sinuspersici
Fish,Torquigener flavimaculosus,Torquigener flavimaculosus
Fish,Trachurus indicus,Trachurus indicus
Fish,Trachyscorpia cristulata,Trachyscorpia cristulata
Fish,Trachyscorpia cristulata cristulata,Trachyscorpia cristulata
Fish,Tridentiger trigonocephalus,Tridentiger trigonocephalus
Tunicate,Trididemnum orbiculatum,Trididemnum orbiculatum
Tunicate,Trididemnum savignii,Trididemnum savignii
Tunicate,Trididemnum solidum,Trididemnum solidum
Fish,Trinectes maculatus,Trinectes maculatus
Fish,Trypauchen vagina,Trypauchen vagina
Fish,Tylerius spinosissimus,Tylerius spinosissimus
Fish,Tylosurus choram,Tylosurus choram
Fish,Tylosurus crocodilus,Tylosurus crocodilus crocodilus
Fish,Tylosurus crocodilus crocodilus,Tylosurus crocodilus crocodilus
Fish,Upeneus moluccensis,Upeneus moluccensis
Fish,Upeneus pori,Upeneus pori
Fish,Vanderhorstia mertensi,Vanderhorstia mertensi
Fish,Zebrasoma desjardinii,Zebrasoma desjardinii
Fish,Zebrasoma flavescens,Zebrasoma flavescens
Fish,Zebrasoma velifer,Zebrasoma velifer
Fish,Zebrasoma veliferum,Zebrasoma velifer
Fish,Zebrasoma xanthurum,Zebrasoma xanthurum
Fish,Zenopsis conchifer,Zenopsis conchifer
Cnidaria,Abyla trigona,Abyla trigona
Cnidaria,Acabaria erythraea,Melithaea erythraea
Cnidaria,Aequorea conica,Aequorea conica
Cnidaria,Aequorea globosa,Aequorea globosa
Cnidaria,Aiptasia pulchella,Exaiptasia pallida
Cnidaria,Amphogona pusilla,Amphogona pusilla
Cnidaria,Antennella secundaria,Antennella secundaria
Cnidaria,Arctapodema australis,Arctapodema australis
Cnidaria,Bicaularia tongensis,Bicaularia tongensis
Cnidaria,Bimeria franciscana,Garveia franciscana
Cnidaria,Bimeria vestita,Bimeria vestita
Cnidaria,Blackfordia virginica,Blackfordia virginica
Cnidaria,Bougainvillia macloviana,Bougainvillia macloviana
Cnidaria,Bougainvillia muscus,Bougainvillia muscus
Cnidaria,Bougainvillia niobe,Bougainvillia niobe
Cnidaria,Bougainvillia rugosa,Bougainvillia rugosa
Cnidaria,Calyptospadix cerulea,Calyptospadix cerulea
Cnidaria,Campanularia morgansi,Campanularia morgansi
Cnidaria,Carijoa riisei,Carijoa riisei
Cnidaria,Cassiopea andromeda,Cassiopea andromeda
Cnidaria,Cereus pedunculatus,Cereus pedunculatus
Cnidaria,Chrysaora quinquecirrha,Chrysaora quinquecirrha
Cnidaria,Cirrholovenia tetranema,Cirrholovenia tetranema
Cnidaria,Cladonema pacificum,Cladonema pacificum
Cnidaria,Cladonema radiatum,Cladonema radiatum
Cnidaria,Clava multicornis,Clava multicornis
Cnidaria,Clavopsella navis,Pachycordyle michaeli
Cnidaria,Clavopsella quadranularia,Pachycordyle michaeli
Cnidaria,Climacocodon ikarii,Climacocodon ikarii
Cnidaria,Clytia hummelincki,Clytia hummelincki
Cnidaria,Clytia linearis,Clytia linearis
Cnidaria,Cordylophora caspia,Cordylophora caspia
Cnidaria,Corymorpha annulata,Corymorpha annulata
Cnidaria,Corymorpha bigelowi,Corymorpha bigelowi
Cnidaria,Coryne eximia,Coryne eximia
Cnidaria,Cotylorhiza erythraea,Cotylorhiza erythraea
Cnidaria,Diadumene cincta,Diadumene cincta
Cnidaria,Diadumene franciscana,Diadumene franciscana
Cnidaria,Diadumene leucolena,Diadumene leucolena
Cnidaria,Diadumene lineata,Diadumene lineata
Cnidaria,Diphasia digitalis,Diphasia digitalis
Cnidaria,Drymonema dalmatinum,Drymonema dalmatinum
Cnidaria,Dynamena quadridentata,Dynamena quadridentata
Cnidaria,Ectopleura crocea,Ectopleura crocea
Cnidaria,Eucheilota menoni,Eucheilota menoni
Cnidaria,Eucheilota paradoxica,Eucheilota paradoxica
Cnidaria,Eucheilota ventricularis,Eucheilota ventricularis
Cnidaria,Eudendrium capillare,Eudendrium capillare
Cnidaria,Eudendrium carneum,Eudendrium carneum
Cnidaria,Eudendrium merulum,Eudendrium merulum
Cnidaria,Eudendrium vaginatum,Eudendrium vaginatum
Cnidaria,Euphysora bigelowi,Corymorpha bigelowi
Cnidaria,Exaiptasia diaphana,Exaiptasia diaphana
Cnidaria,Exaiptasia pallida,Exaiptasia diaphana
Cnidaria,Fabienna oligonema,Fabienna oligonema
Cnidaria,Filellum serratum,Filellum serratum
Cnidaria,Garveia cerulea,Calyptospadix cerulea
Cnidaria,Garveia franciscana,Calyptospadix cerulea
Cnidaria,Gonionemus vertens,Gonionemus vertens
Cnidaria,Gonothyraea loveni,Gonothyraea loveni
Cnidaria,Halecium delicatulum,Halecium delicatulum
Cnidaria,Haliplanella lineata,Diadumene lineata
Cnidaria,Haliplanella luciae,Diadumene lineata
Cnidaria,Haliscera bigelowi,Haliscera bigelowi
Cnidaria,Halitiara inflexa,Halitiara inflexa
Cnidaria,Heterotentacula mirabilis,Heterotentacula mirabilis
Cnidaria,Kantiella enigmatica,Kantiella enigmatica
Cnidaria,Laodicea fijiana,Laodicea fijiana
Cnidaria,Laomedea calceolifera,Laomedea calceolifera
Cnidaria,Macrorhynchia philippina,Macrorhynchia philippina
Cnidaria,Maeotias inexpectata,Maeotias marginata
Cnidaria,Maeotias inexspectata,Maeotias marginata
Cnidaria,Maeotias marginata,Maeotias marginata
Cnidaria,Marivagia stellata,Marivagia stellata
Cnidaria,Mawia benovici,Mawia benovici
Cnidaria,Melithaea erythraea,Melithaea erythraea
Cnidaria,Mitrocomium medusiferum,Mitrocomium medusiferum
Cnidaria,Moerisia carine,Moerisia carine
Cnidaria,Moerisia inkermanica,Moerisia inkermanica
Cnidaria,Moerisia lyonsi,Moerisia lyonsi
Cnidaria,Muggiaea atlantica,Muggiaea atlantica
Cnidaria,Nematostella vectensis,Nematostella vectensis
Cnidaria,Nemopsis bachei,Nemopsis bachei
Cnidaria,Nubiella mitra,Nubiella mitra
Cnidaria,Obelia bidentata,Obelia bidentata
Cnidaria,Obelia dichotoma,Obelia dichotoma
Cnidaria,Obelia geniculata,Obelia geniculata
Cnidaria,Obelia longissima,Obelia longissima
Cnidaria,Octotiara russelli,Octotiara russelli
Cnidaria,Oculina patagonica,Oculina patagonica
Cnidaria,Olindias singularis,Olindias singularis
Cnidaria,Ostroumovia inkermanica,Moerisia inkermanica
Cnidaria,Pachycerianthus solitarius,Pachycerianthus solitarius
Cnidaria,Pachycordyle michaeli,Pachycordyle michaeli
Cnidaria,Pachycordyle navis,Pachycordyle michaeli
Cnidaria,Pachycordyle quadranularia,Pachycordyle michaeli
Cnidaria,Paracytaeis octona,Paracytaeis octona
Cnidaria,Pelagia benovici,Mawia benovici
Cnidaria,Pennaria disticha,Pennaria disticha
Cnidaria,Phyllorhiza punctata,Phyllorhiza punctata
Cnidaria,Plumularia setacea,Plumularia setacea
Cnidaria,Rhopilema nomadica,Rhopilema nomadica
Cnidaria,Russellia mirabilis,Heterotentacula mirabilis
Cnidaria,Sagartia elegans,Sagartia elegans
Cnidaria,Sagartia luciae,Diadumene lineata
Cnidaria,Sagartia ornata,Sagartia ornata
Cnidaria,Sarsia eximia,Coryne eximia
Cnidaria,Sarsia radiata,Coryne eximia
Cnidaria,Scolionema suvaense,Scolionema suvaense
Cnidaria,Sertularella mutsuensis,Sertularella mutsuensis
Cnidaria,Sertularella thecocarpa,Bicaularia tongensis
Cnidaria,Sertularia marginata,Sertularia marginata
Cnidaria,Sertularia tongensis,Bicaularia tongensis
Cnidaria,Sphaerocoryne bedoti,Sphaerocoryne bedoti
Cnidaria,Stomolophus meleagris,Stomolophus meleagris
Cnidaria,Sulculeolaria angusta,Sulculeolaria turgida
Cnidaria,Sulculeolaria turgida,Sulculeolaria turgida
Cnidaria,Tetrorchis erythrogaster,Tetrorchis erythrogaster
Cnidaria,Tiaropsis multicirrata,Tiaropsis multicirrata
Cnidaria,Trichydra pudica,Trichydra pudica
Cnidaria,Tubastraea coccinea,Tubastraea coccinea
Cnidaria,Tubastraea micranthus,Tubastraea micranthus
Cnidaria,Tubastraea tagusensis,Tubastraea tagusensis
Cnidaria,Tubularia crocea,Ectopleura crocea
Cnidaria,Turritopsis dohrnii,Turritopsis dohrnii
Ctenophora,Beroe ovata,Beroe ovata
Ctenophora,Bolinopsis vitrea,Bolinopsis vitrea
Ctenophora,Mertensia ovum,Mertensia ovum
Ctenophora,Mnemiopsis leidyi,Mnemiopsis leidyi
Echinodermata,Acanthaster planci,Acanthaster planci
Echinodermata,Amphiodia (Amphispina) obtecta,Amphiodia (Amphispina) obtecta
Echinodermata,Amphiodia obtecta,Amphiodia (Amphispina) obtecta
Echinodermata,Amphioplus (Lymanella) laevis,Amphioplus (Lymanella) laevis
Echinodermata,Amphioplus laevis,Amphioplus (Lymanella) laevis
Echinodermata,Aquilonastra burtoni,Aquilonastra burtoni
Echinodermata,Asterias amurensis,Asterias amurensis
Echinodermata,Asterias rubens,Asterias rubens
Echinodermata,Asterina burtoni,Aquilonastra burtoni
Echinodermata,Asterina wega,Aquilonastra burtoni
Echinodermata,Astrostole scabra,Astrostole scabra
Echinodermata,Diadema setosum,Diadema setosum
Echinodermata,Eucidaris tribuloides,Eucidaris tribuloides
Echinodermata,Holothuria (Roweothuria) arguinensis,Holothuria (Roweothuria) arguinensis
Echinodermata,Ophiactis macrolepidota,Ophiactis macrolepidota
Echinodermata,Ophiactis parva,Ophiactis macrolepidota
Echinodermata,Ophiactis savignyi,Ophiactis savignyi
Echinodermata,Ophiocoma scolopendrina,Ophiocoma scolopendrina
Echinodermata,Patiriella regularis,Patiriella regularis
Echinodermata,Prionocidaris baculosa,Prionocidaris baculosa
Echinodermata,Protoreaster nodosus,Protoreaster nodosus
Echinodermata,Strongylocentrotus intermedius,Strongylocentrotus intermedius
Echinodermata,Strongylocentrotus intermedius longispina,Strongylocentrotus intermedius longispina
Echinodermata,Synaptula reciprocans,Synaptula reciprocans
Mollusca,Montereina concinna,Discodoris concinna
Mollusca,Acanthopleura gemmata,Acanthopleura gemmata
Mollusca,Acar plicata,Acar plicata
Mollusca,Acteocina crithodes,Acteocina crithodes
Mollusca,Acteocina knockeri,Acteocina knockeri
Mollusca,Acteocina mucronata,Acteocina mucronata
Mollusca,Adelactaeon amoenus,Monotygma amoena
Mollusca,Adelactaeon fulvus,Monotigma fulva
Mollusca,Aeolidiella indica,Anteaeolidiella indica
Mollusca,Afrocardium richardi,Afrocardium richardi
Mollusca,Aliculastrum cylindricum,Aliculastrum cylindricum
Mollusca,Alvania dorbignyi,Alvania dorbignyi
Mollusca,Amathina tricarinata,Amathina tricarinata
Mollusca,Amphioctopus aegina,Amphioctopus aegina
Mollusca,Anadara broughtonii,Anadara broughtonii
Mollusca,Anadara demiri,Anadara transversa
Mollusca,Anadara granosa,Tegillarca granosa
Mollusca,Anadara inaequivalvis,Anadara inaequivalvis
Mollusca,Anadara inflata,Anadara broughtonii
Mollusca,Anadara kagoshimensis,Anadara kagoshimensis
Mollusca,Anadara natalensis,Anadara natalensis
Mollusca,Anadara transversa,Anadara transversa
Mollusca,Angiola punctostriata,Angiola punctostriata
Mollusca,Angulus flacca,Tellina (Angulus) flacca
Mollusca,Angulus valtonis,Nitidotellina valtonis
Mollusca,Anomia chinensis,Anomia chinensis
Mollusca,Anomia nobilis,Monia nobilis
Mollusca,Anteaeolidiella indica,Anteaeolidiella indica
Mollusca,Anteaeolidiella lurana,Anteaeolidiella lurana
Mollusca,Antigona lamellaris,Antigona lamellaris
Mollusca,Aplysia dactylomela,Aplysia dactylomela
Mollusca,Aplysia parvula,Aplysia parvula
Mollusca,Arcuatula arcuatula,Arcuatula arcuatula
Mollusca,Arcuatula perfragilis,Arcuatula perfragilis
Mollusca,Arcuatula senhousia,Arcuatula senhousia
Mollusca,Argopecten irradians,Argopecten irradians
Mollusca,Atactodea glabrata,Atactodea striata
Mollusca,Atactodea striata,Atactodea striata
Mollusca,Atrina rigida,Atrina rigida
Mollusca,Atys angustatus,Atys angustatus
Mollusca,Atys cylindricus,Aliculastrum cylindricum
Mollusca,Aulacomya ater,Aulacomya atra
Mollusca,Aulacomya atra,Aulacomya atra
Mollusca,Baeolidia moebii,Baeolidia moebii
Mollusca,Bankia fimbriatula,Bankia fimbriatula
Mollusca,Barbatia trapezina,Barbatia trapezina
Mollusca,Barbitonia arthritica,Neptunea (Barbitonia) arthritica
Mollusca,Barnea candida,Barnea candida
Mollusca,Batillaria attramentaria,Batillaria attramentaria
Mollusca,Bedeva paivae,Bedeva paivae
Mollusca,Biuve fulvipunctata,Biuve fulvipunctata
Mollusca,Bolinus brandaris,Bolinus brandaris
Mollusca,Boonea bisuturalis,Boonea bisuturalis
Mollusca,Bostrycapulus aculeatus,Bostrycapulus aculeatus
Mollusca,Bostrycapulus odites,Bostrycapulus odites
Mollusca,Brachidontes exustus,Brachidontes exustus
Mollusca,Brachidontes pharaonis,Brachidontes pharaonis
Mollusca,Bractechlamys vexillum,Bractechlamys vexillum
Mollusca,Bulla ampulla,Bulla ampulla
Mollusca,Bursatella leachi,Bursatella leachii
Mollusca,Bursatella leachii,Bursatella leachii
Mollusca,Busycotypus canaliculatus,Busycotypus canaliculatus
Mollusca,Callista florida,Callista florida
Mollusca,Caloria indica,Caloria indica
Mollusca,Caloria militaris,Phidiana militaris
Mollusca,Calyptraea chinensis,Calyptraea chinensis
Mollusca,Canarium mutabile,Canarium mutabile
Mollusca,Cantharus tranquebaricus,Cantharus tranquebaricus
Mollusca,Cardites akabana,Centrocardita akabana
Mollusca,Cardium richardi,Afrocardium richardi
Mollusca,Carinaria lamarckii,Carinaria lamarckii
Mollusca,Carinaria mediterranea,Carinaria lamarckii
Mollusca,Cellana rota,Cellana rota
Mollusca,Centrocardita akabana,Centrocardita akabana
Mollusca,Ceratostoma inornatum,Ocinebrellus inornatus
Mollusca,Cerithidium diplax,Cerithidium diplax
Mollusca,Cerithidium perparvulum,Cerithidium perparvulum
Mollusca,Cerithiopsis pulvis,Cerithiopsis pulvis
Mollusca,Cerithiopsis tenthrenois,Cerithiopsis tenthrenois
Mollusca,Cerithium (Vertagus) kochi,Rhinoclavis (Proclava) kochi
Mollusca,Cerithium columna,Cerithium columna
Mollusca,Cerithium egenum,Cerithium egenum
Mollusca,Cerithium litteratum,Cerithium litteratum
Mollusca,Cerithium nesioticum,Cerithium nesioticum
Mollusca,Cerithium nodulosum,Cerithium nodulosum
Mollusca,Cerithium nodulosum adansonii,Cerithium nodulosum
Mollusca,Cerithium nodulosum erythraeonense,Cerithium nodulosum
Mollusca,Cerithium scabridum,Cerithium scabridum
Mollusca,Chaetopleura (Chaetopleura) angulata,Chaetopleura angulata
Mollusca,Chaetopleura angulata,Chaetopleura angulata
Mollusca,Chama asperella,Chama asperella
Mollusca,Chama aspersa,Chama asperella
Mollusca,Chama brassica,Chama brassica
Mollusca,Chama chinensis,Chama brassica
Mollusca,Chama cornucopia,Pseudochama corbierei
Mollusca,Chama macerophylla,Chama macerophylla
Mollusca,Chama pacifica,Chama pacifica
Mollusca,Chelidonura fulvipunctata,Biuve fulvipunctata
Mollusca,Chelidonura mediterranea,Chelidonura fulvipunctata
Mollusca,Chiton (Chiton) glaucus,Chiton glaucus
Mollusca,Chiton (Tegulaplax) hululensis,Tegulaplax hululensis
Mollusca,Chiton glaucus,Chiton glaucus
Mollusca,Chiton hululensis,Tegulaplax hululensis
Mollusca,Chlamys lischkei,Zygochlamys patagonica
Mollusca,Choromytilus chilensis,Mytilus platensis
Mollusca,Choromytilus chorus,Choromytilus chorus
Mollusca,Chromodoris annulata,Goniobranchus annulatus
Mollusca,Chromodoris quadricolor,Chromodoris quadricolor
Mollusca,Chromodoris quadricolor quadricolor,Chromodoris quadricolor
Mollusca,Chrysallida fischeri,Pyrgulina fischeri
Mollusca,Chrysallida maiae,Pyrgulina pupaeformis
Mollusca,Chrysallida micronana,Pyrgulina nana
Mollusca,Chrysallida pirinthella,Pyrgulina pirinthella
Mollusca,Cingulina isseli,Cingulina isseli
Mollusca,Circe scripta,Circe scripta
Mollusca,Circe sulcata,Redicirce sulcata
Mollusca,Circenita callipyga,Circenita callipyga
Mollusca,Circulus novemcarinatus,Circulus novemcarinatus
Mollusca,Clathrofenella ferruginea,Cerithidium diplax
Mollusca,Clementia papyracea,Clementia papyracea
Mollusca,Clypeomorus bifasciata,Clypeomorus bifasciata
Mollusca,Columbella savignyi,Zafra savignyi
Mollusca,Congeria leucophaeta,Mytilopsis leucophaeata
Mollusca,Conomurex decorus,Conomurex decorus
Mollusca,Conomurex persicus,Conomurex persicus
Mollusca,Conradia eutornisca,Conradia eutornisca
Mollusca,Conus arenatus,Conus arenatus
Mollusca,Conus fumigatus,Conus fumigatus
Mollusca,Conus inscriptus,Conus inscriptus
Mollusca,Conus rattus,Conus rattus
Mollusca,Coralliophila monodonta,Coralliophila monodonta
Mollusca,Corambe obscura,Corambe obscura
Mollusca,Corbula amurensis,Potamocorbula amurensis
Mollusca,Corbula gibba,Corbula gibba
Mollusca,Coryphellina rubrolineata,Coryphellina rubrolineata
Mollusca,Costellipitar chordatus,Costellipitar chordatus
Mollusca,Crassostrea angulata,Magallana angulata
Mollusca,Crassostrea brasiliana,Crassostrea brasiliana
Mollusca,Crassostrea brasiliensis,Crassostrea brasiliana
Mollusca,Crassostrea gigas,Magallana gigas
Mollusca,Crassostrea rhizophorae,Crassostrea rhizophorae
Mollusca,Crassostrea rivularis,Magallana rivularis
Mollusca,Crassostrea sikamea,Magallana sikamea
Mollusca,Crassostrea virginica,Crassostrea virginica
Mollusca,Crepidula aculeata,Bostrycapulus aculeatus
Mollusca,Crepidula fornicata,Crepidula fornicata
Mollusca,Crepidula onyx,Crepidula onyx
Mollusca,Crepipatella dilatata,Crepipatella dilatata
Mollusca,Crucibulum spinosum,Crucibulum spinosum
Mollusca,Cucurbitula cymbium,Cucurbitula cymbium
Mollusca,Cuthona perca,Cuthona perca
Mollusca,Cyclope neritea,Tritia neritea
Mollusca,Cycloscala hyalina,Cycloscala hyalina
Mollusca,Cycloscala hyalina,Cycloscala hyalina
Mollusca,Cylichna villersii,Cylichna villersii
Mollusca,Cylichnina girardi,Ventomnestia girardi
Mollusca,Cypraea gracilis,Purpuradusta gracilis
Mollusca,Cypraea lentiginosa,Palmadusta lentiginosa
Mollusca,Dendostrea crenulifera,Dendostrea sandvichensis
Mollusca,Dendostrea folium,Dendostrea folium
Mollusca,Dendostrea frons,Dendostrea frons
Mollusca,Dendostrea sandvichensis,Dendostrea sandvichensis
Mollusca,Dendrodoris fumata,Dendrodoris fumata
Mollusca,Dendrodoris nigra,Dendrodoris nigra
Mollusca,Dendrostrea frons,Dendostrea frons
Mollusca,Dermatobranchus rubidus,Dermatobranchus rubidus
Mollusca,Diala semistriata,Diala semistriata
Mollusca,Diala varia,Diala semistriata
Mollusca,Diodora funiculata,Diodora funiculata
Mollusca,Diodora rueppellii,Diodora ruppellii
Mollusca,Diodora ruppellii,Diodora ruppellii
Mollusca,Diplodonta bogii,Transkeia bogii
Mollusca,Diplodonta subrotunda,Diplodonta subrotunda
Mollusca,Discodoris concinna,Discodoris concinna
Mollusca,Discodoris lilacina,Tayuva lilacina
Mollusca,Divalinga arabica,Divalinga arabica
Mollusca,Divaricella angulifera,Divaricella ornatissima
Mollusca,Divaricella ornatissima,Divaricella ornatissima
Mollusca,Dosinia erythraea,Dosinia erythraea
Mollusca,Doxander vittatus,Doxander vittatus
Mollusca,Doxander vittatus vittatus,Doxander vittatus
Mollusca,Dreissena polymorpha,Dreissena polymorpha
Mollusca,Echinolittorina punctata,Echinolittorina punctata
Mollusca,Electroma vexillum,Electroma vexillum
Mollusca,Elysia grandifolia,Elysia grandifolia
Mollusca,Elysia ornata,Elysia ornata
Mollusca,Elysia tomentosa,Elysia tomentosa
Mollusca,Engina mendicaria,Engina mendicaria
Mollusca,Ensiculus cultellus,Ensiculus cultellus
Mollusca,Ensis americanus,Ensis leei
Mollusca,Ensis directus,Ensis leei
Mollusca,Ensis leei,Ensis leei
Mollusca,Eratoena sulcifera,Eratoena sulcifera
Mollusca,Ercolania viridis,Ercolania viridis
Mollusca,Ergalatax contracta,Ergalatax contracta
Mollusca,Ergalatax junionae,Ergalatax junionae
Mollusca,Ergalatax martensi,Ergalatax martensi
Mollusca,Ergalatax obscura,Ergalatax martensi
Mollusca,Erosaria turdus,Naria turdus
Mollusca,Ervilia scaliola,Ervilia scaliola
Mollusca,Ethminolia hemprichii,Ethminolia hemprichii
Mollusca,Eufenella pupoides,Finella pupoides
Mollusca,Eunaticina papilla,Eunaticina papilla
Mollusca,Euspira fortunei,Euspira gilva
Mollusca,Euspira gilva,Euspira gilva
Mollusca,Favorinus ghanensis,Favorinus ghanensis
Mollusca,Finella pupoides,Finella pupoides
Mollusca,Flabellina rubrolineata,Coryphellina rubrolineata
Mollusca,Fossarus eutorniscus,Conradia eutornisca
Mollusca,Fulvia (Fulvia) australis,Fulvia australis
Mollusca,Fulvia (Fulvia) fragilis,Fulvia fragilis
Mollusca,Fulvia australis,Fulvia australis
Mollusca,Fulvia fragilis,Fulvia fragilis
Mollusca,Fusinus rostratus,Gracilipurpura rostrata
Mollusca,Fusinus verrucosus,Marmorofusus verrucosus
Mollusca,Gafrarium callipygum,Circenita callipyga
Mollusca,Gafrarium pectinatum,Gafrarium pectinatum
Mollusca,Gastrochaena cymbium,Cucurbitula cymbium
Mollusca,Gemma gemma,Gemma gemma
Mollusca,Geukensia demissa,Geukensia demissa
Mollusca,Gibborissoia virgata,Gibborissoia virgata
Mollusca,Gibbula adansonii,Steromphala adansonii
Mollusca,Gibbula adriatica,Steromphala adriatica
Mollusca,Gibbula albida,Gibbula albida
Mollusca,Gibbula cineraria,Steromphala cineraria
Mollusca,Glossodoris runcinata,Hypselodoris infucata
Mollusca,Glycymeris arabica,Glycymeris arabica
Mollusca,Godiva quadricolor,Godiva quadricolor
Mollusca,Goniobranchus annulatus,Goniobranchus annulatus
Mollusca,Gouldiopa consternans,Microcirce consternans
Mollusca,Gracilipurpura rostrata,Gracilipurpura rostrata
Mollusca,Halgerda willeyi,Halgerda willeyi
Mollusca,Haliotis (Sulculus) pustulata,Haliotis rugosa pustulata
Mollusca,Haliotis discus,Haliotis discus
Mollusca,Haliotis discus hannai,Haliotis discus hannai
Mollusca,Haliotis rubra,Haliotis rubra
Mollusca,Haliotis rugosa,Haliotis rugosa
Mollusca,Haliotis rugosa pustulata,Haliotis rugosa pustulata
Mollusca,Haloa japonica,Haloa japonica
Mollusca,Haminaea callidegenita,Haminoea japonica
Mollusca,Haminoea callidegenita,Haminoea japonica
Mollusca,Haminoea cyanomarginata,Lamprohaminoea cyanomarginata
Mollusca,Haminoea japonica,Haloa japonica
Mollusca,Hexaplex trunculus,Hexaplex trunculus
Mollusca,Hiatula rosea,Hiatula rosea
Mollusca,Hiatula ruppelliana,Hiatula rosea
Mollusca,Hinemoa cylindrica,Oscilla galilae
Mollusca,Hipponix conicus,Sabia conica
Mollusca,Hopkinsia plana,Okenia plana
Mollusca,Hyotissa hyotis,Hyotissa hyotis
Mollusca,Hyotissa inermis,Hyotissa inermis
Mollusca,Hypselodoris infucata,Hypselodoris infucata
Mollusca,Indothais lacera,Indothais lacera
Mollusca,Indothais sacellum,Indothais sacellum
Mollusca,Iolaea neofelixoides,Iolaea neofelixoides
Mollusca,Isognomon ephippium,Isognomon ephippium
Mollusca,Isognomon radiatus,Isognomon radiatus
Mollusca,Kleinella (Actaeopyramis) fulva,Monotygma fulva
Mollusca,Laevicardium flavum,Vasticardium flavum
Mollusca,Laguncula pulchella,Laguncula pulchella
Mollusca,Lamprohaminoea cyanomarginata,Lamprohaminoea cyanomarginata
Mollusca,Laternula anatina,Laternula anatina
Mollusca,Laternula subrostrata,Laternula anatina
Mollusca,Leiosolenus aristatus,Leiosolenus aristatus
Mollusca,Leiosolenus hanleyanus,Leiosolenus hanleyanus
Mollusca,Leucotina natalensis,Leucotina natalensis
Mollusca,Lienardia mighelsi,Lienardia mighelsi
Mollusca,Limaria orientalis,Limaria orientalis
Mollusca,Limnoperna fortunei kikuchii,Xenostrobus securis
Mollusca,Limnoperna securis,Xenostrobus securis
Mollusca,Limopsis (Oblimopa) multistriata,Limopsis multistriata
Mollusca,Limopsis multistriata,Limopsis multistriata
Mollusca,Lithophaga aristata,Leiosolenus aristatus
Mollusca,Lithophaga hanleyana,Leiosolenus hanleyanus
Mollusca,Littorina littorea,Littorina littorea
Mollusca,Littorina saxatilis,Littorina saxatilis
Mollusca,Lodderia novemcarinata,Circulus novemcarinatus
Mollusca,Lopha folium,Dendostrea folium
Mollusca,Lymnaea stagnalis,Lymnaea stagnalis
Mollusca,Lyrodus medilobatus,Lyrodus medilobatus
Mollusca,Lyrodus pedicellatus,Lyrodus pedicellatus
Mollusca,Mactra lilacea,Mactra lilacea
Mollusca,Mactra olorina,Mactra olorina
Mollusca,Magallana angulata,Magallana angulata
Mollusca,Magallana gigas,Magallana gigas
Mollusca,Magallana rivularis,Magallana rivularis
Mollusca,Magallana sikamea,Magallana sikamea
Mollusca,Malleus regula,Malleus regula
Mollusca,Malvufundus regula,Malleus regula
Mollusca,Maoricolpus roseus,Maoricolpus roseus
Mollusca,Marginella glabella,Marginella glabella
Mollusca,Marmorofusus verrucosus,Marmorofusus verrucosus
Mollusca,Martesia striata,Martesia striata
Mollusca,Melibe fimbriata,Melibe viridis
Mollusca,Melibe viridis,Melibe viridis
Mollusca,Mercenaria mercenaria,Mercenaria mercenaria
Mollusca,Meretrix petechialis,Meretrix petechialis
Mollusca,Metaxia bacillum,Metaxia bacillum
Mollusca,Microcirce consternans,Microcirce consternans
Mollusca,Mimachlamys sanguinea,Mimachlamys sanguinea
Mollusca,Mitrella psilla,Mitrella psilla
Mollusca,Mitromorpha cachiai,Mitromorpha cachiai
Mollusca,Mitromorpha columbellaria,Mitromorpha columbellaria
Mollusca,Mizuhopecten yessoensis,Mizuhopecten yessoensis
Mollusca,Mnestia girardi,Mnestia girardi
Mollusca,Modiola fluviatilis,Xenostrobus securis
Mollusca,Modiola nitens,Modiola nitens
Mollusca,Modiola securis,Xenostrobus securis
Mollusca,Modiola vexillum,Xenostrobus securis
Mollusca,Modiolus auriculatus,Modiolus auriculatus
Mollusca,Monetaria annulus,Monetaria annulus
Mollusca,Monia nobilis,Monia nobilis
Mollusca,Monotigma fulva,Monotygma fulva
Mollusca,Monotigma lauta,Monotygma lauta
Mollusca,Monotygma amoena,Monotygma amoena
Mollusca,Monotygma fulva,Monotygma fulva
Mollusca,Monotygma lauta,Monotygma lauta
Mollusca,Monotygma watsoni,Monotygma watsoni
Mollusca,Murchisonella columna,Murchisonella columna
Mollusca,Murex (Murex) forskoehlii,Murex forskoehlii
Mollusca,Murex forskoehlii,Murex forskoehlii
Mollusca,Musculista perfragilis,Arcuatula perfragilis
Mollusca,Musculista senhousia,Arcuatula senhousia
Mollusca,Mya arenaria,Mya arenaria
Mollusca,Myosotella myosotis,Myosotella myosotis
Mollusca,Mytella charruana,Mytella charruana
Mollusca,Mytilopsis adamsi,Mytilopsis adamsi
Mollusca,Mytilopsis leucophaeata,Mytilopsis leucophaeata
Mollusca,Mytilus chilensis,Mytilus chilensis
Mollusca,Mytilus edulis,Mytilus edulis
Mollusca,Mytilus edulis platensis,Mytilus platensis
Mollusca,Mytilus galloprovincialis,Mytilus galloprovincialis
Mollusca,Mytilus platensis,Mytilus platensis
Mollusca,Nanostrea exigua,Nanostrea fluctigera
Mollusca,Nanostrea fluctigera,Nanostrea fluctigera
Mollusca,Naria turdus,Naria turdus
Mollusca,Nassa situla,Nassa situla
Mollusca,Nassarius (Zeuxis) sinarus,Nassarius sinarum
Mollusca,Nassarius arcularia,Nassarius arcularia
Mollusca,Nassarius arcularia plicatus,Nassarius arcularia plicatus
Mollusca,Nassarius concinnus,Nassarius concinnus
Mollusca,Nassarius sinarum,Nassarius sinarum
Mollusca,Nassarius stolatus,Nassarius stolatus
Mollusca,Natica gualteriana,Natica gualtieriana
Mollusca,Natica gualtieriana,Notocochlis gualtieriana
Mollusca,Neptunea (Barbitonia) arthritica,Neptunea arthritica
Mollusca,Neptunea arthritica,Neptunea arthritica
Mollusca,Nerita sanguinolenta,Nerita sanguinolenta
Mollusca,Nitidotellina lux,Nitidotellina lux
Mollusca,Nitidotellina valtonis,Nitidotellina valtonis
Mollusca,Notocochlis gualtieriana,Notocochlis gualtieriana
Mollusca,Oblimopa multistriata,Limopsis (Oblimopa) multistriata
Mollusca,Ocenebra inornata,Ocinebrellus inornatus
Mollusca,Ocinebrellus inornatus,Ocinebrellus inornatus
Mollusca,Octopus aegina,Amphioctopus aegina
Mollusca,Octopus cyanea,Octopus cyanea
Mollusca,Odostomia lorioli,Odostomia lorioli
Mollusca,Okenia eolida,Okenia eolida
Mollusca,Okenia plana,Okenia plana
Mollusca,Oscilla galilae,Oscilla galilae
Mollusca,Oscilla jocosa,Oscilla jocosa
Mollusca,Ostraea angasi,Ostraea angasi
Mollusca,Ostrea chilensis,Ostrea chilensis
Mollusca,Ostrea denselamellosa,Ostrea denselamellosa
Mollusca,Ostrea edulis,Ostrea edulis
Mollusca,Ostrea equestris,Ostrea equestris
Mollusca,Ostrea puelchana,Ostrea puelchana
Mollusca,Ostrea stentina,Ostrea stentina
Mollusca,Oxynoe viridis,Oxynoe viridis
Mollusca,Palmadusta lentiginosa,Palmadusta lentiginosa
Mollusca,Paphia textile,Paratapes textilis
Mollusca,Paphia undulata,Paratapes undulatus
Mollusca,Parahyotissa imbricata,Hyotissa inermis
Mollusca,Paratapes textilis,Paratapes textilis
Mollusca,Paratapes undulatus,Paratapes undulatus
Mollusca,Parviturbo dibellai,Fossarus eutorniscus
Mollusca,Patella rota,Cellana rota
Mollusca,Patelloida saccharina,Patelloida saccharina
Mollusca,Patinopecten yessoensis,Mizuhopecten yessoensis
Mollusca,Perna confusa,Xenostrobus securis
Mollusca,Perna perna,Perna perna
Mollusca,Perna picta,Perna perna
Mollusca,Perna viridis,Perna viridis
Mollusca,Petalifera gravieri,Petalifera gravieri
Mollusca,Petricola fabagella,Petricola fabagella
Mollusca,Petricola hemprichi,Petricola fabagella
Mollusca,Petricola pholadiformis,Petricolaria pholadiformis
Mollusca,Petricolaria pholadiformis,Petricolaria pholadiformis
Mollusca,Phidiana indica,Caloria indica
Mollusca,Phidiana militaris,Phidiana militaris
Mollusca,Philine auriformis,Philine auriformis
Mollusca,Philinopsis speciosa,Philinopsis speciosa
Mollusca,Pholas candidus,Barnea candida
Mollusca,Pinctada imbricata,Pinctada imbricata
Mollusca,Pinctada imbricata radiata,Pinctada imbricata radiata
Mollusca,Pinctada margaritifera,Pinctada margaritifera
Mollusca,Pinctada radiata,Pinctada imbricata radiata
Mollusca,Planaxis griseus,Planaxis savignyi
Mollusca,Planaxis lineolata,Angiola punctostriata
Mollusca,Planaxis lineolatus,Angiola punctostriata
Mollusca,Planaxis punctostriata,Angiola punctostriata
Mollusca,Planaxis savignyi,Planaxis savignyi
Mollusca,Planostrea pestigris,Planostrea pestigris
Mollusca,Pleurobranchus forskalii,Pleurobranchus forskalii
Mollusca,Plicatula chinensis,Plicatula plicata
Mollusca,Plicatula plicata,Plicatula plicata
Mollusca,Plocamopherus ocellatus,Plocamopherus ocellatus
Mollusca,Plocamopherus tilesii,Plocamopherus tilesii
Mollusca,Polycera capensis,Polycera capensis
Mollusca,Polycera hedgpethi,Polycera hedgpethi
Mollusca,Polycerella emertoni,Polycerella emertoni
Mollusca,Potamocorbula amurensis,Potamocorbula amurensis
Mollusca,Potamopyrgus antipodarum,Potamopyrgus antipodarum
Mollusca,Potamopyrgus jenkinsi,Potamopyrgus antipodarum
Mollusca,Psammacoma gubernaculum,Psammacoma gubernaculum
Mollusca,Psammotreta praerupta,Psammacoma gubernaculum
Mollusca,Pseudochama corbierei,Pseudochama corbierei
Mollusca,Pseudochama corbieri,Pseudochama corbierei
Mollusca,Pseudominolia nedyma,Pseudominolia nedyma
Mollusca,Pseudorhaphitoma iodolabiata,Pseudorhaphitoma iodolabiata
Mollusca,Psiloteredo megotara,Psiloteredo megotara
Mollusca,Pteria colymbus,Pteria colymbus
Mollusca,Pteria hirundo,Pteria hirundo
Mollusca,Pteropurpura (Ocinebrellus) inornata,Ocinebrellus inornatus
Mollusca,Purpuradusta gracilis,Purpuradusta gracilis
Mollusca,Purpuradusta gracilis nemethi,Purpuradusta gracilis nemethi
Mollusca,Purpuradusta gracilis notata,Purpuradusta gracilis notata
Mollusca,Pyrgulina fischeri,Pyrgulina fischeri
Mollusca,Pyrgulina maiae,Pyrgulina pupaeformis
Mollusca,Pyrgulina nana,Pyrgulina nana
Mollusca,Pyrgulina pirinthella,Pyrgulina pirinthella
Mollusca,Pyrgulina pupaeformis,Pyrgulina pupaeformis
Mollusca,Pyrunculus fourierii,Pyrunculus fourierii
Mollusca,Raeta pulchella,Raeta pulchella
Mollusca,Rangia cuneata,Rangia cuneata
Mollusca,Rapana rapiformis,Rapana rapiformis
Mollusca,Rapana venosa,Rapana venosa
Mollusca,Redicirce sulcata,Redicirce sulcata
Mollusca,Retusa desgenettii,Retusa desgenettii
Mollusca,Retusa fourierii,Pyrunculus fourierii
Mollusca,Rhinoclavis (Proclava) kochi,Rhinoclavis kochi
Mollusca,Rhinoclavis kochi,Rhinoclavis kochi
Mollusca,Rhinoclavis sinensis,Rhinoclavis sinensis
Mollusca,Rissoina ambigua,Rissoina ambigua
Mollusca,Rissoina bertholleti,Rissoina bertholleti
Mollusca,Rissoina spirata,Rissoina spirata
Mollusca,Rochia nilotica,Rochia nilotica
Mollusca,Ruditapes largillierti,Venerupis (Ruditapes) largillierti
Mollusca,Ruditapes philippinarum,Ruditapes philippinarum
Mollusca,Sabia conica,Sabia conica
Mollusca,Saccostrea commercialis,Saccostrea glomerata
Mollusca,Saccostrea cuccullata,Saccostrea cuccullata
Mollusca,Saccostrea glomerata,Saccostrea glomerata
Mollusca,Scapharca inaequivalvis,Anadara inaequivalvis
Mollusca,Semimytilus algosus,Semimytilus algosus
Mollusca,Sepia gibba,Sepia gibba
Mollusca,Sepia pharaonis,Sepia pharaonis
Mollusca,Sepioteuthis lessoniana,Sepioteuthis lessoniana
Mollusca,Septifer bilocularis,Septifer bilocularis
Mollusca,Septifer cumingii,Septifer cumingii
Mollusca,Septifer forskali,Septifer cumingii
Mollusca,Siphonaria belcheri,Siphonaria belcheri
Mollusca,Siphonaria crenata,Siphonaria crenata
Mollusca,Siphonaria kurracheensis,Siphonaria kurracheensis
Mollusca,Siphonaria pectinata,Siphonaria pectinata
Mollusca,Smaragdia souverbiana,Smaragdia souverbiana
Mollusca,Soletellina rosea,Hiatula rosea
Mollusca,Sphenia rueppellii,Sphenia rueppellii
Mollusca,Spondylus groschi,Spondylus groschi
Mollusca,Spondylus nicobaricus,Spondylus nicobaricus
Mollusca,Spondylus spinosus,Spondylus spinosus
Mollusca,Spurilla major,Baeolidia moebii
Mollusca,Steromphala adansonii,Steromphala adansonii
Mollusca,Steromphala adriatica,Steromphala adriatica
Mollusca,Steromphala cineraria,Steromphala cineraria
Mollusca,Stomatella auricula,Stomatella auricula
Mollusca,Stomatella impertusa,Stomatella impertusa
Mollusca,Stomatella varia,Stomatella auricula
Mollusca,Strombus (Doxander) vittatus,Doxander vittatus
Mollusca,Strombus (Doxander) vittatus vittatus,Doxander vittatus vittatus
Mollusca,Strombus decorus,Conomurex decorus
Mollusca,Strombus decorus persicus,Conomurex persicus
Mollusca,Strombus decorus raybaudi,Conomurex persicus
Mollusca,Strombus mutabilis,Canarium mutabile
Mollusca,Strombus persicus,Conomurex persicus
Mollusca,Styloptygma beatrix,Styloptygma beatrix
Mollusca,Syphonota geographica,Syphonota geographica
Mollusca,Syrnola cinctella,Syrnola cinctella
Mollusca,Syrnola fasciata,Syrnola fasciata
Mollusca,Syrnola lendix,Syrnola lendix
Mollusca,Tapes (Ruditapes) philippinarum,Ruditapes philippinarum
Mollusca,Tapes philippinarum,Ruditapes philippinarum
Mollusca,Tayuva lilacina,Tayuva lilacina
Mollusca,Tectus niloticus,Rochia nilotica
Mollusca,Tegillarca granosa,Tegillarca granosa
Mollusca,Tegulaplax hululensis,Tegulaplax hululensis
Mollusca,Tellina (Angulus) flacca,Nitidotellina lux
Mollusca,Tellina flacca,Nitidotellina lux
Mollusca,Tellina valtonis,Nitidotellina valtonis
Mollusca,Tenellia adspersa,Tenellia adspersa
Mollusca,Teredo bartschi,Teredo bartschi
Mollusca,Teredo navalis,Teredo navalis
Mollusca,Teredothyra dominicensis,Teredothyra dominicensis
Mollusca,Thais (Thaisella) sacellum,Indothais sacellum
Mollusca,Thais carinifera,Indothais lacera
Mollusca,Thais lacera,Indothais lacera
Mollusca,Thaisella lacera,Indothais lacera
Mollusca,Thaisella sacellum,Indothais sacellum
Mollusca,Thecacera pennigera,Thecacera pennigera
Mollusca,Theora (Endopleura) lubrica,Theora lubrica
Mollusca,Theora lubrica,Theora lubrica
Mollusca,Thuridilla mazda,Thuridilla mazda
Mollusca,Timoclea roemeriana,Timoclea roemeriana
Mollusca,Tiostrea chilensis,Ostrea chilensis
Mollusca,Tiostrea lutaria,Ostrea chilensis
Mollusca,Tonicia atrata,Tonicia atrata
Mollusca,Tornus jullieni,Tornus jullieni
Mollusca,Transkeia bogii,Transkeia bogii
Mollusca,Trapania toddi,Trapania toddi
Mollusca,Trapezium oblongum,Trapezium oblongum
Mollusca,Tremoctopus gracilis,Tremoctopus gracilis
Mollusca,Tricornis tricornis,Tricornis tricornis
Mollusca,Tritia neritea,Tritia neritea
Mollusca,Tritonia plebeia,Tritonia plebeia
Mollusca,Trivirostra triticum,Trivirostra triticum
Mollusca,Trochus erithreus,Trochus erithreus
Mollusca,Trochus erythraeus,Trochus erithreus
Mollusca,Trochus erythreus,Trochus erithreus
Mollusca,Trochus niloticus,Rochia nilotica
Mollusca,Trophonopsis alboranensis,Trophonopsis alboranensis
Mollusca,Truncatella subcylindrica,Truncatella subcylindrica
Mollusca,Trunculariopsis trunculus,Hexaplex trunculus
Mollusca,Turbonilla edgari,Turbonilla edgarii
Mollusca,Turbonilla edgarii,Turbonilla edgarii
Mollusca,Urosalpinx cinerea,Urosalpinx cinerea
Mollusca,Vasticardium flavum,Vasticardium flavum
Mollusca,Venerupis (Ruditapes) largillierti,Venerupis largillierti
Mollusca,Venerupis (Ruditapes) philippinarum,Ruditapes philippinarum
Mollusca,Venerupis largillierti,Venerupis largillierti
Mollusca,Ventomnestia girardi,Mnestia girardi
Mollusca,Venus roemeriana,Timoclea roemeriana
Mollusca,Vexillum (Pusia) depexum,Vexillum depexum
Mollusca,Vexillum depexum,Vexillum depexum
Mollusca,Volvulella ovulina,Volvulella ovulina
Mollusca,Voorwindia tiberiana,Voorwindia tiberiana
Mollusca,Xenostrobus securis,Xenostrobus securis
Mollusca,Zafra exilis,Zafra exilis
Mollusca,Zafra obesula,Zafra obesula
Mollusca,Zafra pumila,Zafra pumila
Mollusca,Zafra savignyi,Zafra savignyi
Mollusca,Zafra savignyi,Zafra savignyi
Mollusca,Zafra selasphora,Zafra selasphora
Mollusca,Zygochlamys patagonica,Zygochlamys patagonica
Porifera,Amphimedon chloros,Amphimedon chloros
Porifera,Callyspongia viridis,Callyspongia viridis
Porifera,Celtodoryx ciocalyptoides,Celtodoryx ciocalyptoides
Porifera,Celtodoryx girardae,Celtodoryx ciocalyptoides
Porifera,Chalinula loosanoffi,Chalinula loosanoffi
Porifera,Cliona lampa,Pione lampa
Porifera,Cliona thoosina,Cliona thoosina
Porifera,Damiriana schmidti,Lissodendoryx (Waldoschmittia) schmidti
Porifera,Gelliodes fibrosa,Gelliodes wilsoni
Porifera,Gelliodes wilsoni,Gelliodes wilsoni
Porifera,Geodia micropunctata,Geodia micropunctata
Porifera,Halichondria (Halichondria) bowerbanki,Halichondria (Halichondria) bowerbanki
Porifera,Haliclona (Soestella) caerulea,Haliclona (Soestella) caerulea
Porifera,Haliclona (Soestella) xena,Haliclona (Soestella) xena
Porifera,Haliclona loosanoffi,Chalinula loosanoffi
Porifera,Haliclona spinosella,Haliclona spinosella
Porifera,Heteronema erecta,Hyrtios erectus
Porifera,Hymeniacidon sinapium,Hymeniacidon sinapium
Porifera,Hyrtios erectus,Hyrtios erectus
Porifera,Lissodendoryx (Waldoschmittia) schmidti,Lissodendoryx (Waldoschmittia) schmidti
Porifera,Mycale (Carmia) erythraeana,Mycale (Carmia) erythraeana
Porifera,Mycale (Mycale) armata,Mycale (Mycale) armata
Porifera,Mycale (Zygomycale) parishii,Mycale (Zygomycale) parishii
Porifera,Paraleucilla magna,Paraleucilla magna
Porifera,Pione lampa,Pione lampa
Porifera,Suberites aurantiacus,Suberites aurantiacus
Porifera,Suberites massa,Suberites massa
Porifera,Suberites zeteki,Suberites aurantiacus
